run_id,scenario_id,repetition,offered_rate,event_id,claim_id,publish_ack_ms,queue_delay_ms,inference_ms,processing_ms,end_to_end_ms,success,error
pipeline-20260825T171817Z-721b4c23,pipeline-20260825T171817Z-721b4c23-r1-rate0p0-a69361,1,0.0,31337:0x0000000000000000000000000000000000000000000000000000000000000006:0,6,1.61075,2.051791,4.825,41.491042,43.542833,True,
pipeline-20260825T171817Z-721b4c23,pipeline-20260825T171817Z-721b4c23-r1-rate0p0-a69361,1,0.0,31337:0x0000000000000000000000000000000000000000000000000000000000000007:0,7,0.826167,42.91975,5.009667,38.534625,81.454375,True,
pipeline-20260825T171817Z-721b4c23,pipeline-20260825T171817Z-721b4c23-r1-rate0p0-a69361,1,0.0,31337:0x0000000000000000000000000000000000000000000000000000000000000008:0,8,0.787166,81.800833,5.0745,37.407333,119.208166,True,
pipeline-20260825T171817Z-721b4c23,pipeline-20260825T171817Z-721b4c23-r1-rate0p0-a69361,1,0.0,31337:0x0000000000000000000000000000000000000000000000000000000000000009:0,9,0.734833,119.456167,5.394167,38.91375,158.369917,True,
pipeline-20260825T171817Z-721b4c23,pipeline-20260825T171817Z-721b4c23-r1-rate0p0-a69361,1,0.0,31337:0x000000000000000000000000000000000000000000000000000000000000000a:0,10,0.781125,158.729917,4.947583,39.539292,198.269209,True,
pipeline-20260825T171817Z-721b4c23,pipeline-20260825T171817Z-721b4c23-r1-rate0p0-a69361,1,0.0,31337:0x000000000000000000000000000000000000000000000000000000000000000b:0,11,0.811833,198.636041,4.666291,37.807209,236.44325,True,
pipeline-20260825T171817Z-721b4c23,pipeline-20260825T171817Z-721b4c23-r1-rate0p0-a69361,1,0.0,31337:0x000000000000000000000000000000000000000000000000000000000000000c:0,12,1.369625,236.710917,4.673917,38.066917,274.777834,True,
pipeline-20260825T171817Z-721b4c23,pipeline-20260825T171817Z-721b4c23-r1-rate0p0-a69361,1,0.0,31337:0x000000000000000000000000000000000000000000000000000000000000000d:0,13,0.6845,274.684084,4.35525,36.466083,311.150167,True,
pipeline-20260825T171817Z-721b4c23,pipeline-20260825T171817Z-721b4c23-r1-rate0p0-a69361,1,0.0,31337:0x000000000000000000000000000000000000000000000000000000000000000e:0,14,0.756458,311.677625,5.160833,36.961958,348.639583,True,
pipeline-20260825T171817Z-721b4c23,pipeline-20260825T171817Z-721b4c23-r1-rate0p0-a69361,1,0.0,31337:0x000000000000000000000000000000000000000000000000000000000000000f:0,15,0.844625,348.82525,4.407292,37.359583,386.184833,True,
pipeline-20260825T171817Z-721b4c23,pipeline-20260825T171817Z-721b4c23-r1-rate0p0-a69361,1,0.0,31337:0x0000000000000000000000000000000000000000000000000000000000000010:0,16,0.712792,386.401958,5.194667,37.243667,423.645625,True,
pipeline-20260825T171817Z-721b4c23,pipeline-20260825T171817Z-721b4c23-r1-rate0p0-a69361,1,0.0,31337:0x0000000000000000000000000000000000000000000000000000000000000011:0,17,0.920208,424.084417,5.089083,37.338625,461.423042,True,
pipeline-20260825T171817Z-721b4c23,pipeline-20260825T171817Z-721b4c23-r1-rate0p0-a69361,1,0.0,31337:0x0000000000000000000000000000000000000000000000000000000000000012:0,18,0.800667,461.620917,5.470041,40.047708,501.668625,True,
pipeline-20260825T171817Z-721b4c23,pipeline-20260825T171817Z-721b4c23-r1-rate0p0-a69361,1,0.0,31337:0x0000000000000000000000000000000000000000000000000000000000000013:0,19,0.932708,501.999375,5.0895,40.936625,542.936,True,
pipeline-20260825T171817Z-721b4c23,pipeline-20260825T171817Z-721b4c23-r1-rate0p0-a69361,1,0.0,31337:0x0000000000000000000000000000000000000000000000000000000000000014:0,20,0.812167,543.290584,5.199708,42.405958,585.696542,True,
pipeline-20260825T171817Z-721b4c23,pipeline-20260825T171817Z-721b4c23-r1-rate0p0-a69361,1,0.0,31337:0x0000000000000000000000000000000000000000000000000000000000000015:0,21,0.760709,586.444459,4.576416,45.943458,632.387917,True,
pipeline-20260825T171817Z-721b4c23,pipeline-20260825T171817Z-721b4c23-r1-rate0p0-a69361,1,0.0,31337:0x0000000000000000000000000000000000000000000000000000000000000016:0,22,0.880916,632.827958,4.631125,39.14725,671.975208,True,
pipeline-20260825T171817Z-721b4c23,pipeline-20260825T171817Z-721b4c23-r1-rate0p0-a69361,1,0.0,31337:0x0000000000000000000000000000000000000000000000000000000000000017:0,23,0.767209,672.699584,4.502542,38.759166,711.45875,True,
pipeline-20260825T171817Z-721b4c23,pipeline-20260825T171817Z-721b4c23-r1-rate0p0-a69361,1,0.0,31337:0x0000000000000000000000000000000000000000000000000000000000000018:0,24,0.803667,711.817625,5.078584,38.939917,750.757542,True,
pipeline-20260825T171817Z-721b4c23,pipeline-20260825T171817Z-721b4c23-r1-rate0p0-a69361,1,0.0,31337:0x0000000000000000000000000000000000000000000000000000000000000019:0,25,0.790459,751.929917,4.73975,41.292917,793.222834,True,
pipeline-20260825T171817Z-721b4c23,pipeline-20260825T171817Z-721b4c23-r1-rate0p0-a69361,1,0.0,31337:0x000000000000000000000000000000000000000000000000000000000000001a:0,26,0.8275,793.664625,4.650041,39.895958,833.560583,True,
pipeline-20260825T171817Z-721b4c23,pipeline-20260825T171817Z-721b4c23-r1-rate0p0-a69361,1,0.0,31337:0x000000000000000000000000000000000000000000000000000000000000001b:0,27,0.612542,833.847375,4.729958,40.256792,874.104167,True,
pipeline-20260825T171817Z-721b4c23,pipeline-20260825T171817Z-721b4c23-r1-rate0p0-a69361,1,0.0,31337:0x000000000000000000000000000000000000000000000000000000000000001c:0,28,0.537708,874.710791,4.867459,39.310625,914.021416,True,
pipeline-20260825T171817Z-721b4c23,pipeline-20260825T171817Z-721b4c23-r1-rate0p0-a69361,1,0.0,31337:0x000000000000000000000000000000000000000000000000000000000000001d:0,29,0.593208,914.7645,4.492292,38.720667,953.485167,True,
pipeline-20260825T171817Z-721b4c23,pipeline-20260825T171817Z-721b4c23-r1-rate0p0-a69361,1,0.0,31337:0x000000000000000000000000000000000000000000000000000000000000001e:0,30,0.620417,954.099833,4.419208,41.313084,995.412917,True,
pipeline-20260825T171817Z-721b4c23,pipeline-20260825T171817Z-721b4c23-r1-rate0p0-a69361,1,0.0,31337:0x000000000000000000000000000000000000000000000000000000000000001f:0,31,0.717292,996.318084,4.817834,40.7135,1037.031584,True,
pipeline-20260825T171817Z-721b4c23,pipeline-20260825T171817Z-721b4c23-r1-rate0p0-a69361,1,0.0,31337:0x0000000000000000000000000000000000000000000000000000000000000020:0,32,1.006584,1037.46875,4.621375,40.7855,1078.25425,True,
pipeline-20260825T171817Z-721b4c23,pipeline-20260825T171817Z-721b4c23-r1-rate0p0-a69361,1,0.0,31337:0x0000000000000000000000000000000000000000000000000000000000000021:0,33,0.939958,1078.36225,4.652875,35.048125,1113.410375,True,
pipeline-20260825T171817Z-721b4c23,pipeline-20260825T171817Z-721b4c23-r1-rate0p0-a69361,1,0.0,31337:0x0000000000000000000000000000000000000000000000000000000000000022:0,34,1.2585,1113.577625,4.716125,39.414833,1152.992458,True,
pipeline-20260825T171817Z-721b4c23,pipeline-20260825T171817Z-721b4c23-r1-rate0p0-a69361,1,0.0,31337:0x0000000000000000000000000000000000000000000000000000000000000023:0,35,0.872209,1151.563542,4.525542,38.316667,1189.880209,True,
pipeline-20260825T171817Z-721b4c23,pipeline-20260825T171817Z-721b4c23-r1-rate5p0-f838b7,1,5.0,31337:0x0000000000000000000000000000000000000000000000000000000000000006:0,6,0.950459,1.396667,4.891542,41.972,43.368667,True,
pipeline-20260825T171817Z-721b4c23,pipeline-20260825T171817Z-721b4c23-r1-rate5p0-f838b7,1,5.0,31337:0x0000000000000000000000000000000000000000000000000000000000000007:0,7,2.169167,2.5405,5.845834,57.234792,59.775292,True,
pipeline-20260825T171817Z-721b4c23,pipeline-20260825T171817Z-721b4c23-r1-rate5p0-f838b7,1,5.0,31337:0x0000000000000000000000000000000000000000000000000000000000000008:0,8,6.46075,7.552083,5.986542,56.449125,64.001208,True,
pipeline-20260825T171817Z-721b4c23,pipeline-20260825T171817Z-721b4c23-r1-rate5p0-f838b7,1,5.0,31337:0x0000000000000000000000000000000000000000000000000000000000000009:0,9,3.228833,4.245166,7.521416,59.505167,63.750333,True,
pipeline-20260825T171817Z-721b4c23,pipeline-20260825T171817Z-721b4c23-r1-rate5p0-f838b7,1,5.0,31337:0x000000000000000000000000000000000000000000000000000000000000000a:0,10,1.793625,2.1845,5.77175,50.44675,52.63125,True,
pipeline-20260825T171817Z-721b4c23,pipeline-20260825T171817Z-721b4c23-r1-rate5p0-f838b7,1,5.0,31337:0x000000000000000000000000000000000000000000000000000000000000000b:0,11,4.251083,5.014458,6.58425,55.19975,60.214208,True,
pipeline-20260825T171817Z-721b4c23,pipeline-20260825T171817Z-721b4c23-r1-rate5p0-f838b7,1,5.0,31337:0x000000000000000000000000000000000000000000000000000000000000000c:0,12,4.420834,5.410417,6.648375,58.301875,63.712292,True,
pipeline-20260825T171817Z-721b4c23,pipeline-20260825T171817Z-721b4c23-r1-rate5p0-f838b7,1,5.0,31337:0x000000000000000000000000000000000000000000000000000000000000000d:0,13,3.94325,5.774084,7.615167,64.433375,70.207459,True,
pipeline-20260825T171817Z-721b4c23,pipeline-20260825T171817Z-721b4c23-r1-rate5p0-f838b7,1,5.0,31337:0x000000000000000000000000000000000000000000000000000000000000000e:0,14,6.372833,6.864958,7.826584,57.749292,64.61425,True,
pipeline-20260825T171817Z-721b4c23,pipeline-20260825T171817Z-721b4c23-r1-rate5p0-f838b7,1,5.0,31337:0x000000000000000000000000000000000000000000000000000000000000000f:0,15,7.9935,8.696709,10.264833,69.793166,78.489875,True,
pipeline-20260825T171817Z-721b4c23,pipeline-20260825T171817Z-721b4c23-r1-rate5p0-f838b7,1,5.0,31337:0x0000000000000000000000000000000000000000000000000000000000000010:0,16,3.859875,4.735417,6.463959,57.05975,61.795167,True,
pipeline-20260825T171817Z-721b4c23,pipeline-20260825T171817Z-721b4c23-r1-rate5p0-f838b7,1,5.0,31337:0x0000000000000000000000000000000000000000000000000000000000000011:0,17,2.18475,2.554833,5.537542,55.328792,57.883625,True,
pipeline-20260825T171817Z-721b4c23,pipeline-20260825T171817Z-721b4c23-r1-rate5p0-f838b7,1,5.0,31337:0x0000000000000000000000000000000000000000000000000000000000000012:0,18,1.4715,1.744625,10.184084,57.888167,59.632792,True,
pipeline-20260825T171817Z-721b4c23,pipeline-20260825T171817Z-721b4c23-r1-rate5p0-f838b7,1,5.0,31337:0x0000000000000000000000000000000000000000000000000000000000000013:0,19,1.329292,1.602917,6.1225,50.336333,51.93925,True,
pipeline-20260825T171817Z-721b4c23,pipeline-20260825T171817Z-721b4c23-r1-rate5p0-f838b7,1,5.0,31337:0x0000000000000000000000000000000000000000000000000000000000000014:0,20,1.670583,1.944375,6.643167,50.324541,52.268916,True,
pipeline-20260825T171817Z-721b4c23,pipeline-20260825T171817Z-721b4c23-r1-rate5p0-f838b7,1,5.0,31337:0x0000000000000000000000000000000000000000000000000000000000000015:0,21,2.546917,3.051708,11.70475,75.254084,78.305792,True,
pipeline-20260825T171817Z-721b4c23,pipeline-20260825T171817Z-721b4c23-r1-rate5p0-f838b7,1,5.0,31337:0x0000000000000000000000000000000000000000000000000000000000000016:0,22,2.469584,3.339834,7.115958,65.621208,68.961042,True,
pipeline-20260825T171817Z-721b4c23,pipeline-20260825T171817Z-721b4c23-r1-rate5p0-f838b7,1,5.0,31337:0x0000000000000000000000000000000000000000000000000000000000000017:0,23,5.533791,7.978458,10.043791,68.956375,76.934833,True,
pipeline-20260825T171817Z-721b4c23,pipeline-20260825T171817Z-721b4c23-r1-rate5p0-f838b7,1,5.0,31337:0x0000000000000000000000000000000000000000000000000000000000000018:0,24,4.936375,6.661584,8.643542,65.398458,72.060042,True,
pipeline-20260825T171817Z-721b4c23,pipeline-20260825T171817Z-721b4c23-r1-rate5p0-f838b7,1,5.0,31337:0x0000000000000000000000000000000000000000000000000000000000000019:0,25,5.112209,6.330625,7.930292,70.75825,77.088875,True,
pipeline-20260825T171817Z-721b4c23,pipeline-20260825T171817Z-721b4c23-r1-rate5p0-f838b7,1,5.0,31337:0x000000000000000000000000000000000000000000000000000000000000001a:0,26,5.616333,6.79075,9.870834,69.514292,76.305042,True,
pipeline-20260825T171817Z-721b4c23,pipeline-20260825T171817Z-721b4c23-r1-rate5p0-f838b7,1,5.0,31337:0x000000000000000000000000000000000000000000000000000000000000001b:0,27,4.625084,5.440459,9.723917,75.746,81.186459,True,
pipeline-20260825T171817Z-721b4c23,pipeline-20260825T171817Z-721b4c23-r1-rate5p0-f838b7,1,5.0,31337:0x000000000000000000000000000000000000000000000000000000000000001c:0,28,4.269042,5.053667,5.713333,58.515083,63.56875,True,
pipeline-20260825T171817Z-721b4c23,pipeline-20260825T171817Z-721b4c23-r1-rate5p0-f838b7,1,5.0,31337:0x000000000000000000000000000000000000000000000000000000000000001d:0,29,4.559,5.116,7.096292,57.475583,62.591583,True,
pipeline-20260825T171817Z-721b4c23,pipeline-20260825T171817Z-721b4c23-r1-rate5p0-f838b7,1,5.0,31337:0x000000000000000000000000000000000000000000000000000000000000001e:0,30,1.998542,2.310667,6.356541,47.49325,49.803917,True,
pipeline-20260825T171817Z-721b4c23,pipeline-20260825T171817Z-721b4c23-r1-rate5p0-f838b7,1,5.0,31337:0x000000000000000000000000000000000000000000000000000000000000001f:0,31,2.762958,3.474583,7.455833,61.095458,64.570041,True,
pipeline-20260825T171817Z-721b4c23,pipeline-20260825T171817Z-721b4c23-r1-rate5p0-f838b7,1,5.0,31337:0x0000000000000000000000000000000000000000000000000000000000000020:0,32,4.467708,5.033583,6.922875,59.115667,64.14925,True,
pipeline-20260825T171817Z-721b4c23,pipeline-20260825T171817Z-721b4c23-r1-rate5p0-f838b7,1,5.0,31337:0x0000000000000000000000000000000000000000000000000000000000000021:0,33,6.784625,7.712,9.568,65.936208,73.648208,True,
pipeline-20260825T171817Z-721b4c23,pipeline-20260825T171817Z-721b4c23-r1-rate5p0-f838b7,1,5.0,31337:0x0000000000000000000000000000000000000000000000000000000000000022:0,34,3.881167,6.02475,6.331166,65.635125,71.659875,True,
pipeline-20260825T171817Z-721b4c23,pipeline-20260825T171817Z-721b4c23-r1-rate5p0-f838b7,1,5.0,31337:0x0000000000000000000000000000000000000000000000000000000000000023:0,35,5.499666,5.951916,8.5905,63.615959,69.567875,True,
pipeline-20260825T171817Z-721b4c23,pipeline-20260825T171817Z-721b4c23-r1-rate10p0-7eacda,1,10.0,31337:0x0000000000000000000000000000000000000000000000000000000000000006:0,6,0.9185,1.309709,4.38625,35.538458,36.848167,True,
pipeline-20260825T171817Z-721b4c23,pipeline-20260825T171817Z-721b4c23-r1-rate10p0-7eacda,1,10.0,31337:0x0000000000000000000000000000000000000000000000000000000000000007:0,7,2.025875,2.388583,7.778625,55.370125,57.758708,True,
pipeline-20260825T171817Z-721b4c23,pipeline-20260825T171817Z-721b4c23-r1-rate10p0-7eacda,1,10.0,31337:0x0000000000000000000000000000000000000000000000000000000000000008:0,8,1.600917,1.992625,5.520375,53.160459,55.153084,True,
pipeline-20260825T171817Z-721b4c23,pipeline-20260825T171817Z-721b4c23-r1-rate10p0-7eacda,1,10.0,31337:0x0000000000000000000000000000000000000000000000000000000000000009:0,9,1.961,2.225709,6.826709,56.344125,58.569834,True,
pipeline-20260825T171817Z-721b4c23,pipeline-20260825T171817Z-721b4c23-r1-rate10p0-7eacda,1,10.0,31337:0x000000000000000000000000000000000000000000000000000000000000000a:0,10,1.476958,1.858625,7.8145,50.469583,52.328208,True,
pipeline-20260825T171817Z-721b4c23,pipeline-20260825T171817Z-721b4c23-r1-rate10p0-7eacda,1,10.0,31337:0x000000000000000000000000000000000000000000000000000000000000000b:0,11,1.657709,2.002667,8.341667,64.810375,66.813042,True,
pipeline-20260825T171817Z-721b4c23,pipeline-20260825T171817Z-721b4c23-r1-rate10p0-7eacda,1,10.0,31337:0x000000000000000000000000000000000000000000000000000000000000000c:0,12,1.677,1.973875,5.397792,54.701125,56.675,True,
pipeline-20260825T171817Z-721b4c23,pipeline-20260825T171817Z-721b4c23-r1-rate10p0-7eacda,1,10.0,31337:0x000000000000000000000000000000000000000000000000000000000000000d:0,13,2.203167,2.466042,7.118292,54.33175,56.797792,True,
pipeline-20260825T171817Z-721b4c23,pipeline-20260825T171817Z-721b4c23-r1-rate10p0-7eacda,1,10.0,31337:0x000000000000000000000000000000000000000000000000000000000000000e:0,14,1.587625,1.916667,7.937167,59.822333,61.739,True,
pipeline-20260825T171817Z-721b4c23,pipeline-20260825T171817Z-721b4c23-r1-rate10p0-7eacda,1,10.0,31337:0x000000000000000000000000000000000000000000000000000000000000000f:0,15,1.843333,2.29875,7.995166,55.911208,58.209958,True,
pipeline-20260825T171817Z-721b4c23,pipeline-20260825T171817Z-721b4c23-r1-rate10p0-7eacda,1,10.0,31337:0x0000000000000000000000000000000000000000000000000000000000000010:0,16,1.695083,2.197625,5.659875,50.268167,52.465792,True,
pipeline-20260825T171817Z-721b4c23,pipeline-20260825T171817Z-721b4c23-r1-rate10p0-7eacda,1,10.0,31337:0x0000000000000000000000000000000000000000000000000000000000000011:0,17,1.85725,2.178834,7.661042,59.816375,61.995209,True,
pipeline-20260825T171817Z-721b4c23,pipeline-20260825T171817Z-721b4c23-r1-rate10p0-7eacda,1,10.0,31337:0x0000000000000000000000000000000000000000000000000000000000000012:0,18,3.025209,3.730125,9.519875,58.073292,61.803417,True,
pipeline-20260825T171817Z-721b4c23,pipeline-20260825T171817Z-721b4c23-r1-rate10p0-7eacda,1,10.0,31337:0x0000000000000000000000000000000000000000000000000000000000000013:0,19,1.534417,1.893958,7.083459,52.990959,54.884917,True,
pipeline-20260825T171817Z-721b4c23,pipeline-20260825T171817Z-721b4c23-r1-rate10p0-7eacda,1,10.0,31337:0x0000000000000000000000000000000000000000000000000000000000000014:0,20,1.481,1.740875,5.934625,45.578208,47.319083,True,
pipeline-20260825T171817Z-721b4c23,pipeline-20260825T171817Z-721b4c23-r1-rate10p0-7eacda,1,10.0,31337:0x0000000000000000000000000000000000000000000000000000000000000015:0,21,1.473167,1.761292,6.924375,48.433125,50.194417,True,
pipeline-20260825T171817Z-721b4c23,pipeline-20260825T171817Z-721b4c23-r1-rate10p0-7eacda,1,10.0,31337:0x0000000000000000000000000000000000000000000000000000000000000016:0,22,1.67425,1.98275,5.336833,52.614917,54.597667,True,
pipeline-20260825T171817Z-721b4c23,pipeline-20260825T171817Z-721b4c23-r1-rate10p0-7eacda,1,10.0,31337:0x0000000000000000000000000000000000000000000000000000000000000017:0,23,1.385125,1.675208,5.769125,48.293542,49.96875,True,
pipeline-20260825T171817Z-721b4c23,pipeline-20260825T171817Z-721b4c23-r1-rate10p0-7eacda,1,10.0,31337:0x0000000000000000000000000000000000000000000000000000000000000018:0,24,1.494625,1.845167,6.071542,49.280208,51.125375,True,
pipeline-20260825T171817Z-721b4c23,pipeline-20260825T171817Z-721b4c23-r1-rate10p0-7eacda,1,10.0,31337:0x0000000000000000000000000000000000000000000000000000000000000019:0,25,1.49625,1.78,5.650583,49.396084,51.176084,True,
pipeline-20260825T171817Z-721b4c23,pipeline-20260825T171817Z-721b4c23-r1-rate10p0-7eacda,1,10.0,31337:0x000000000000000000000000000000000000000000000000000000000000001a:0,26,2.095958,2.464125,5.568875,48.027958,50.492083,True,
pipeline-20260825T171817Z-721b4c23,pipeline-20260825T171817Z-721b4c23-r1-rate10p0-7eacda,1,10.0,31337:0x000000000000000000000000000000000000000000000000000000000000001b:0,27,1.702,2.03625,6.764583,53.857292,55.893542,True,
pipeline-20260825T171817Z-721b4c23,pipeline-20260825T171817Z-721b4c23-r1-rate10p0-7eacda,1,10.0,31337:0x000000000000000000000000000000000000000000000000000000000000001c:0,28,1.611125,1.942125,6.263333,46.831458,48.773583,True,
pipeline-20260825T171817Z-721b4c23,pipeline-20260825T171817Z-721b4c23-r1-rate10p0-7eacda,1,10.0,31337:0x000000000000000000000000000000000000000000000000000000000000001d:0,29,2.618791,3.079666,5.886166,46.7145,49.794166,True,
pipeline-20260825T171817Z-721b4c23,pipeline-20260825T171817Z-721b4c23-r1-rate10p0-7eacda,1,10.0,31337:0x000000000000000000000000000000000000000000000000000000000000001e:0,30,2.703875,3.072291,5.26225,50.845084,53.917375,True,
pipeline-20260825T171817Z-721b4c23,pipeline-20260825T171817Z-721b4c23-r1-rate10p0-7eacda,1,10.0,31337:0x000000000000000000000000000000000000000000000000000000000000001f:0,31,1.918708,2.214708,9.26775,55.676083,57.890791,True,
pipeline-20260825T171817Z-721b4c23,pipeline-20260825T171817Z-721b4c23-r1-rate10p0-7eacda,1,10.0,31337:0x0000000000000000000000000000000000000000000000000000000000000020:0,32,1.611291,1.938375,6.295916,52.575291,54.513666,True,
pipeline-20260825T171817Z-721b4c23,pipeline-20260825T171817Z-721b4c23-r1-rate10p0-7eacda,1,10.0,31337:0x0000000000000000000000000000000000000000000000000000000000000021:0,33,1.527208,1.852,5.9035,50.829958,52.681958,True,
pipeline-20260825T171817Z-721b4c23,pipeline-20260825T171817Z-721b4c23-r1-rate10p0-7eacda,1,10.0,31337:0x0000000000000000000000000000000000000000000000000000000000000022:0,34,1.729458,1.996083,5.797459,53.421834,55.417917,True,
pipeline-20260825T171817Z-721b4c23,pipeline-20260825T171817Z-721b4c23-r1-rate10p0-7eacda,1,10.0,31337:0x0000000000000000000000000000000000000000000000000000000000000023:0,35,1.651375,1.947333,9.822708,55.43975,57.387083,True,
pipeline-20260825T171817Z-721b4c23,pipeline-20260825T171817Z-721b4c23-r1-rate20p0-30411f,1,20.0,31337:0x0000000000000000000000000000000000000000000000000000000000000006:0,6,0.949375,1.127709,4.779542,36.22575,37.353459,True,
pipeline-20260825T171817Z-721b4c23,pipeline-20260825T171817Z-721b4c23-r1-rate20p0-30411f,1,20.0,31337:0x0000000000000000000000000000000000000000000000000000000000000007:0,7,1.306334,1.704709,5.429084,41.002958,42.707667,True,
pipeline-20260825T171817Z-721b4c23,pipeline-20260825T171817Z-721b4c23-r1-rate20p0-30411f,1,20.0,31337:0x0000000000000000000000000000000000000000000000000000000000000008:0,8,0.766917,1.0895,4.856083,39.445209,40.534709,True,
pipeline-20260825T171817Z-721b4c23,pipeline-20260825T171817Z-721b4c23-r1-rate20p0-30411f,1,20.0,31337:0x0000000000000000000000000000000000000000000000000000000000000009:0,9,1.159166,1.511,5.386208,39.672666,41.183666,True,
pipeline-20260825T171817Z-721b4c23,pipeline-20260825T171817Z-721b4c23-r1-rate20p0-30411f,1,20.0,31337:0x000000000000000000000000000000000000000000000000000000000000000a:0,10,0.851833,1.204417,5.231583,40.277833,41.48225,True,
pipeline-20260825T171817Z-721b4c23,pipeline-20260825T171817Z-721b4c23-r1-rate20p0-30411f,1,20.0,31337:0x000000000000000000000000000000000000000000000000000000000000000b:0,11,1.049834,1.248875,6.719208,39.339584,40.588459,True,
pipeline-20260825T171817Z-721b4c23,pipeline-20260825T171817Z-721b4c23-r1-rate20p0-30411f,1,20.0,31337:0x000000000000000000000000000000000000000000000000000000000000000c:0,12,1.413167,1.685542,5.176708,42.167625,43.853167,True,
pipeline-20260825T171817Z-721b4c23,pipeline-20260825T171817Z-721b4c23-r1-rate20p0-30411f,1,20.0,31337:0x000000000000000000000000000000000000000000000000000000000000000d:0,13,0.675208,0.910666,5.050833,36.831417,37.742083,True,
pipeline-20260825T171817Z-721b4c23,pipeline-20260825T171817Z-721b4c23-r1-rate20p0-30411f,1,20.0,31337:0x000000000000000000000000000000000000000000000000000000000000000e:0,14,1.20225,1.466458,5.183875,40.063792,41.53025,True,
pipeline-20260825T171817Z-721b4c23,pipeline-20260825T171817Z-721b4c23-r1-rate20p0-30411f,1,20.0,31337:0x000000000000000000000000000000000000000000000000000000000000000f:0,15,1.093,1.380125,5.055084,39.155,40.535125,True,
pipeline-20260825T171817Z-721b4c23,pipeline-20260825T171817Z-721b4c23-r1-rate20p0-30411f,1,20.0,31337:0x0000000000000000000000000000000000000000000000000000000000000010:0,16,1.086,1.342083,5.025208,39.204334,40.546417,True,
pipeline-20260825T171817Z-721b4c23,pipeline-20260825T171817Z-721b4c23-r1-rate20p0-30411f,1,20.0,31337:0x0000000000000000000000000000000000000000000000000000000000000011:0,17,0.982333,1.2695,4.728875,37.549666,38.819166,True,
pipeline-20260825T171817Z-721b4c23,pipeline-20260825T171817Z-721b4c23-r1-rate20p0-30411f,1,20.0,31337:0x0000000000000000000000000000000000000000000000000000000000000012:0,18,1.162833,1.431292,5.023291,39.680791,41.112083,True,
pipeline-20260825T171817Z-721b4c23,pipeline-20260825T171817Z-721b4c23-r1-rate20p0-30411f,1,20.0,31337:0x0000000000000000000000000000000000000000000000000000000000000013:0,19,1.020583,1.384958,5.307375,39.458458,40.843416,True,
pipeline-20260825T171817Z-721b4c23,pipeline-20260825T171817Z-721b4c23-r1-rate20p0-30411f,1,20.0,31337:0x0000000000000000000000000000000000000000000000000000000000000014:0,20,0.8035,1.06475,4.712208,40.6555,41.72025,True,
pipeline-20260825T171817Z-721b4c23,pipeline-20260825T171817Z-721b4c23-r1-rate20p0-30411f,1,20.0,31337:0x0000000000000000000000000000000000000000000000000000000000000015:0,21,1.312166,1.546125,6.086666,42.504875,44.051,True,
pipeline-20260825T171817Z-721b4c23,pipeline-20260825T171817Z-721b4c23-r1-rate20p0-30411f,1,20.0,31337:0x0000000000000000000000000000000000000000000000000000000000000016:0,22,1.138917,1.385,5.810208,39.121834,40.506834,True,
pipeline-20260825T171817Z-721b4c23,pipeline-20260825T171817Z-721b4c23-r1-rate20p0-30411f,1,20.0,31337:0x0000000000000000000000000000000000000000000000000000000000000017:0,23,0.94275,1.282083,5.566125,41.590667,42.87275,True,
pipeline-20260825T171817Z-721b4c23,pipeline-20260825T171817Z-721b4c23-r1-rate20p0-30411f,1,20.0,31337:0x0000000000000000000000000000000000000000000000000000000000000018:0,24,1.392875,1.616541,5.039834,40.967417,42.583958,True,
pipeline-20260825T171817Z-721b4c23,pipeline-20260825T171817Z-721b4c23-r1-rate20p0-30411f,1,20.0,31337:0x0000000000000000000000000000000000000000000000000000000000000019:0,25,0.975917,1.226917,5.398084,39.932667,41.159584,True,
pipeline-20260825T171817Z-721b4c23,pipeline-20260825T171817Z-721b4c23-r1-rate20p0-30411f,1,20.0,31337:0x000000000000000000000000000000000000000000000000000000000000001a:0,26,1.029625,1.356625,5.057375,39.534875,40.8915,True,
pipeline-20260825T171817Z-721b4c23,pipeline-20260825T171817Z-721b4c23-r1-rate20p0-30411f,1,20.0,31337:0x000000000000000000000000000000000000000000000000000000000000001b:0,27,0.889208,1.084083,6.212292,47.967167,49.05125,True,
pipeline-20260825T171817Z-721b4c23,pipeline-20260825T171817Z-721b4c23-r1-rate20p0-30411f,1,20.0,31337:0x000000000000000000000000000000000000000000000000000000000000001c:0,28,0.779625,1.100916,5.327458,37.733834,38.83475,True,
pipeline-20260825T171817Z-721b4c23,pipeline-20260825T171817Z-721b4c23-r1-rate20p0-30411f,1,20.0,31337:0x000000000000000000000000000000000000000000000000000000000000001d:0,29,0.872541,1.125458,5.897375,41.465042,42.5905,True,
pipeline-20260825T171817Z-721b4c23,pipeline-20260825T171817Z-721b4c23-r1-rate20p0-30411f,1,20.0,31337:0x000000000000000000000000000000000000000000000000000000000000001e:0,30,0.944083,1.188375,4.810541,37.830667,39.019042,True,
pipeline-20260825T171817Z-721b4c23,pipeline-20260825T171817Z-721b4c23-r1-rate20p0-30411f,1,20.0,31337:0x000000000000000000000000000000000000000000000000000000000000001f:0,31,1.130459,1.361625,5.1945,41.317417,42.679042,True,
pipeline-20260825T171817Z-721b4c23,pipeline-20260825T171817Z-721b4c23-r1-rate20p0-30411f,1,20.0,31337:0x0000000000000000000000000000000000000000000000000000000000000020:0,32,1.12375,1.6135,5.325625,39.83175,41.44525,True,
pipeline-20260825T171817Z-721b4c23,pipeline-20260825T171817Z-721b4c23-r1-rate20p0-30411f,1,20.0,31337:0x0000000000000000000000000000000000000000000000000000000000000021:0,33,1.135958,1.358875,7.163042,41.863166,43.222041,True,
pipeline-20260825T171817Z-721b4c23,pipeline-20260825T171817Z-721b4c23-r1-rate20p0-30411f,1,20.0,31337:0x0000000000000000000000000000000000000000000000000000000000000022:0,34,0.818667,1.199625,6.356125,39.774834,40.974459,True,
pipeline-20260825T171817Z-721b4c23,pipeline-20260825T171817Z-721b4c23-r1-rate20p0-30411f,1,20.0,31337:0x0000000000000000000000000000000000000000000000000000000000000023:0,35,0.94275,1.227125,5.369292,41.858292,43.085417,True,
pipeline-20260825T171817Z-721b4c23,pipeline-20260825T171817Z-721b4c23-r2-rate0p0-d54bf4,2,0.0,31337:0x0000000000000000000000000000000000000000000000000000000000000006:0,6,1.684833,1.974041,4.4375,37.543209,39.51725,True,
pipeline-20260825T171817Z-721b4c23,pipeline-20260825T171817Z-721b4c23-r2-rate0p0-d54bf4,2,0.0,31337:0x0000000000000000000000000000000000000000000000000000000000000007:0,7,0.58075,38.72125,4.306917,35.691291,74.412541,True,
pipeline-20260825T171817Z-721b4c23,pipeline-20260825T171817Z-721b4c23-r2-rate0p0-d54bf4,2,0.0,31337:0x0000000000000000000000000000000000000000000000000000000000000008:0,8,0.706209,74.738334,4.711917,34.405833,109.144167,True,
pipeline-20260825T171817Z-721b4c23,pipeline-20260825T171817Z-721b4c23-r2-rate0p0-d54bf4,2,0.0,31337:0x0000000000000000000000000000000000000000000000000000000000000009:0,9,0.527292,109.589417,4.507792,32.883542,142.472959,True,
pipeline-20260825T171817Z-721b4c23,pipeline-20260825T171817Z-721b4c23-r2-rate0p0-d54bf4,2,0.0,31337:0x000000000000000000000000000000000000000000000000000000000000000a:0,10,0.521833,143.044125,4.567959,34.568083,177.612208,True,
pipeline-20260825T171817Z-721b4c23,pipeline-20260825T171817Z-721b4c23-r2-rate0p0-d54bf4,2,0.0,31337:0x000000000000000000000000000000000000000000000000000000000000000b:0,11,0.814875,178.1205,4.939583,33.823,211.9435,True,
pipeline-20260825T171817Z-721b4c23,pipeline-20260825T171817Z-721b4c23-r2-rate0p0-d54bf4,2,0.0,31337:0x000000000000000000000000000000000000000000000000000000000000000c:0,12,0.619333,212.073708,4.627833,35.436042,247.50975,True,
pipeline-20260825T171817Z-721b4c23,pipeline-20260825T171817Z-721b4c23-r2-rate0p0-d54bf4,2,0.0,31337:0x000000000000000000000000000000000000000000000000000000000000000d:0,13,0.618333,247.883458,5.148417,35.316875,283.200333,True,
pipeline-20260825T171817Z-721b4c23,pipeline-20260825T171817Z-721b4c23-r2-rate0p0-d54bf4,2,0.0,31337:0x000000000000000000000000000000000000000000000000000000000000000e:0,14,0.782916,283.576541,4.445458,36.072334,319.648875,True,
pipeline-20260825T171817Z-721b4c23,pipeline-20260825T171817Z-721b4c23-r2-rate0p0-d54bf4,2,0.0,31337:0x000000000000000000000000000000000000000000000000000000000000000f:0,15,0.690792,319.859459,4.911583,37.793166,357.652625,True,
pipeline-20260825T171817Z-721b4c23,pipeline-20260825T171817Z-721b4c23-r2-rate0p0-d54bf4,2,0.0,31337:0x0000000000000000000000000000000000000000000000000000000000000010:0,16,0.853166,358.210583,4.669958,37.068292,395.278875,True,
pipeline-20260825T171817Z-721b4c23,pipeline-20260825T171817Z-721b4c23-r2-rate0p0-d54bf4,2,0.0,31337:0x0000000000000000000000000000000000000000000000000000000000000011:0,17,0.688208,395.653125,4.699375,37.798375,433.4515,True,
pipeline-20260825T171817Z-721b4c23,pipeline-20260825T171817Z-721b4c23-r2-rate0p0-d54bf4,2,0.0,31337:0x0000000000000000000000000000000000000000000000000000000000000012:0,18,0.445542,434.652333,4.460625,37.797709,472.450042,True,
pipeline-20260825T171817Z-721b4c23,pipeline-20260825T171817Z-721b4c23-r2-rate0p0-d54bf4,2,0.0,31337:0x0000000000000000000000000000000000000000000000000000000000000013:0,19,0.566167,473.216625,4.447959,36.653209,509.869834,True,
pipeline-20260825T171817Z-721b4c23,pipeline-20260825T171817Z-721b4c23-r2-rate0p0-d54bf4,2,0.0,31337:0x0000000000000000000000000000000000000000000000000000000000000014:0,20,0.565666,510.551708,4.634417,37.829708,548.381416,True,
pipeline-20260825T171817Z-721b4c23,pipeline-20260825T171817Z-721b4c23-r2-rate0p0-d54bf4,2,0.0,31337:0x0000000000000000000000000000000000000000000000000000000000000015:0,21,0.56825,548.888208,4.766167,37.391958,586.280166,True,
pipeline-20260825T171817Z-721b4c23,pipeline-20260825T171817Z-721b4c23-r2-rate0p0-d54bf4,2,0.0,31337:0x0000000000000000000000000000000000000000000000000000000000000016:0,22,0.8695,587.283958,5.092,36.391834,623.675792,True,
pipeline-20260825T171817Z-721b4c23,pipeline-20260825T171817Z-721b4c23-r2-rate0p0-d54bf4,2,0.0,31337:0x0000000000000000000000000000000000000000000000000000000000000017:0,23,0.501375,623.88675,4.450041,37.692333,661.579083,True,
pipeline-20260825T171817Z-721b4c23,pipeline-20260825T171817Z-721b4c23-r2-rate0p0-d54bf4,2,0.0,31337:0x0000000000000000000000000000000000000000000000000000000000000018:0,24,0.510958,662.883375,4.64225,37.064291,699.947666,True,
pipeline-20260825T171817Z-721b4c23,pipeline-20260825T171817Z-721b4c23-r2-rate0p0-d54bf4,2,0.0,31337:0x0000000000000000000000000000000000000000000000000000000000000019:0,25,0.512917,700.588167,4.926791,36.658042,737.246209,True,
pipeline-20260825T171817Z-721b4c23,pipeline-20260825T171817Z-721b4c23-r2-rate0p0-d54bf4,2,0.0,31337:0x000000000000000000000000000000000000000000000000000000000000001a:0,26,0.659958,737.793792,4.595708,42.352291,780.146083,True,
pipeline-20260825T171817Z-721b4c23,pipeline-20260825T171817Z-721b4c23-r2-rate0p0-d54bf4,2,0.0,31337:0x000000000000000000000000000000000000000000000000000000000000001b:0,27,0.637417,780.611042,4.327042,35.569708,816.18075,True,
pipeline-20260825T171817Z-721b4c23,pipeline-20260825T171817Z-721b4c23-r2-rate0p0-d54bf4,2,0.0,31337:0x000000000000000000000000000000000000000000000000000000000000001c:0,28,0.718125,816.504959,4.227583,37.56375,854.068709,True,
pipeline-20260825T171817Z-721b4c23,pipeline-20260825T171817Z-721b4c23-r2-rate0p0-d54bf4,2,0.0,31337:0x000000000000000000000000000000000000000000000000000000000000001d:0,29,0.617416,854.379625,4.691458,36.293833,890.673458,True,
pipeline-20260825T171817Z-721b4c23,pipeline-20260825T171817Z-721b4c23-r2-rate0p0-d54bf4,2,0.0,31337:0x000000000000000000000000000000000000000000000000000000000000001e:0,30,0.574958,891.690375,4.504584,35.864042,927.554417,True,
pipeline-20260825T171817Z-721b4c23,pipeline-20260825T171817Z-721b4c23-r2-rate0p0-d54bf4,2,0.0,31337:0x000000000000000000000000000000000000000000000000000000000000001f:0,31,0.556708,927.961291,4.266333,34.073792,962.035083,True,
pipeline-20260825T171817Z-721b4c23,pipeline-20260825T171817Z-721b4c23-r2-rate0p0-d54bf4,2,0.0,31337:0x0000000000000000000000000000000000000000000000000000000000000020:0,32,0.543833,962.534667,4.303208,35.401291,997.935958,True,
pipeline-20260825T171817Z-721b4c23,pipeline-20260825T171817Z-721b4c23-r2-rate0p0-d54bf4,2,0.0,31337:0x0000000000000000000000000000000000000000000000000000000000000021:0,33,0.548667,998.349417,4.707167,33.159416,1031.508833,True,
pipeline-20260825T171817Z-721b4c23,pipeline-20260825T171817Z-721b4c23-r2-rate0p0-d54bf4,2,0.0,31337:0x0000000000000000000000000000000000000000000000000000000000000022:0,34,0.55775,1031.930208,4.795708,35.78225,1067.712458,True,
pipeline-20260825T171817Z-721b4c23,pipeline-20260825T171817Z-721b4c23-r2-rate0p0-d54bf4,2,0.0,31337:0x0000000000000000000000000000000000000000000000000000000000000023:0,35,0.527542,1068.170583,5.45925,37.116584,1105.287167,True,
pipeline-20260825T171817Z-721b4c23,pipeline-20260825T171817Z-721b4c23-r2-rate5p0-45fe26,2,5.0,31337:0x0000000000000000000000000000000000000000000000000000000000000006:0,6,1.000667,1.158042,4.775792,37.214042,38.372084,True,
pipeline-20260825T171817Z-721b4c23,pipeline-20260825T171817Z-721b4c23-r2-rate5p0-45fe26,2,5.0,31337:0x0000000000000000000000000000000000000000000000000000000000000007:0,7,2.269458,2.677,9.752959,68.567333,71.244333,True,
pipeline-20260825T171817Z-721b4c23,pipeline-20260825T171817Z-721b4c23-r2-rate5p0-45fe26,2,5.0,31337:0x0000000000000000000000000000000000000000000000000000000000000008:0,8,4.920709,5.79,6.687833,61.674167,67.464167,True,
pipeline-20260825T171817Z-721b4c23,pipeline-20260825T171817Z-721b4c23-r2-rate5p0-45fe26,2,5.0,31337:0x0000000000000000000000000000000000000000000000000000000000000009:0,9,4.297833,4.885542,6.176709,59.124208,64.00975,True,
pipeline-20260825T171817Z-721b4c23,pipeline-20260825T171817Z-721b4c23-r2-rate5p0-45fe26,2,5.0,31337:0x000000000000000000000000000000000000000000000000000000000000000a:0,10,3.543,4.20275,6.752917,62.771125,66.973875,True,
pipeline-20260825T171817Z-721b4c23,pipeline-20260825T171817Z-721b4c23-r2-rate5p0-45fe26,2,5.0,31337:0x000000000000000000000000000000000000000000000000000000000000000b:0,11,5.817666,6.303333,7.424375,57.314875,63.618208,True,
pipeline-20260825T171817Z-721b4c23,pipeline-20260825T171817Z-721b4c23-r2-rate5p0-45fe26,2,5.0,31337:0x000000000000000000000000000000000000000000000000000000000000000c:0,12,1.585792,1.881042,6.511084,51.622875,53.503917,True,
pipeline-20260825T171817Z-721b4c23,pipeline-20260825T171817Z-721b4c23-r2-rate5p0-45fe26,2,5.0,31337:0x000000000000000000000000000000000000000000000000000000000000000d:0,13,3.8055,4.404208,6.210708,57.457958,61.862166,True,
pipeline-20260825T171817Z-721b4c23,pipeline-20260825T171817Z-721b4c23-r2-rate5p0-45fe26,2,5.0,31337:0x000000000000000000000000000000000000000000000000000000000000000e:0,14,3.972333,5.336125,6.550958,64.422083,69.758208,True,
pipeline-20260825T171817Z-721b4c23,pipeline-20260825T171817Z-721b4c23-r2-rate5p0-45fe26,2,5.0,31337:0x000000000000000000000000000000000000000000000000000000000000000f:0,15,4.712625,5.339375,7.03925,70.287083,75.626458,True,
pipeline-20260825T171817Z-721b4c23,pipeline-20260825T171817Z-721b4c23-r2-rate5p0-45fe26,2,5.0,31337:0x0000000000000000000000000000000000000000000000000000000000000010:0,16,5.069584,5.891125,10.008041,71.923584,77.814709,True,
pipeline-20260825T171817Z-721b4c23,pipeline-20260825T171817Z-721b4c23-r2-rate5p0-45fe26,2,5.0,31337:0x0000000000000000000000000000000000000000000000000000000000000011:0,17,1.441958,1.674875,7.039917,53.021041,54.695916,True,
pipeline-20260825T171817Z-721b4c23,pipeline-20260825T171817Z-721b4c23-r2-rate5p0-45fe26,2,5.0,31337:0x0000000000000000000000000000000000000000000000000000000000000012:0,18,1.334542,1.627,5.893417,51.3385,52.9655,True,
pipeline-20260825T171817Z-721b4c23,pipeline-20260825T171817Z-721b4c23-r2-rate5p0-45fe26,2,5.0,31337:0x0000000000000000000000000000000000000000000000000000000000000013:0,19,1.335625,1.612917,7.745,58.384375,59.997292,True,
pipeline-20260825T171817Z-721b4c23,pipeline-20260825T171817Z-721b4c23-r2-rate5p0-45fe26,2,5.0,31337:0x0000000000000000000000000000000000000000000000000000000000000014:0,20,2.312417,2.782917,7.765583,57.587875,60.370792,True,
pipeline-20260825T171817Z-721b4c23,pipeline-20260825T171817Z-721b4c23-r2-rate5p0-45fe26,2,5.0,31337:0x0000000000000000000000000000000000000000000000000000000000000015:0,21,3.532917,3.845834,13.133958,74.251083,78.096917,True,
pipeline-20260825T171817Z-721b4c23,pipeline-20260825T171817Z-721b4c23-r2-rate5p0-45fe26,2,5.0,31337:0x0000000000000000000000000000000000000000000000000000000000000016:0,22,4.811042,5.581042,10.17225,70.203958,75.785,True,
pipeline-20260825T171817Z-721b4c23,pipeline-20260825T171817Z-721b4c23-r2-rate5p0-45fe26,2,5.0,31337:0x0000000000000000000000000000000000000000000000000000000000000017:0,23,2.98925,3.46775,6.186625,61.644667,65.112417,True,
pipeline-20260825T171817Z-721b4c23,pipeline-20260825T171817Z-721b4c23-r2-rate5p0-45fe26,2,5.0,31337:0x0000000000000000000000000000000000000000000000000000000000000018:0,24,4.291791,5.40125,7.211791,62.546416,67.947666,True,
pipeline-20260825T171817Z-721b4c23,pipeline-20260825T171817Z-721b4c23-r2-rate5p0-45fe26,2,5.0,31337:0x0000000000000000000000000000000000000000000000000000000000000019:0,25,4.870667,5.813292,8.457375,72.69275,78.506042,True,
pipeline-20260825T171817Z-721b4c23,pipeline-20260825T171817Z-721b4c23-r2-rate5p0-45fe26,2,5.0,31337:0x000000000000000000000000000000000000000000000000000000000000001a:0,26,4.373875,5.436667,11.156584,72.398417,77.835084,True,
pipeline-20260825T171817Z-721b4c23,pipeline-20260825T171817Z-721b4c23-r2-rate5p0-45fe26,2,5.0,31337:0x000000000000000000000000000000000000000000000000000000000000001b:0,27,3.439,4.331458,10.558125,73.226917,77.558375,True,
pipeline-20260825T171817Z-721b4c23,pipeline-20260825T171817Z-721b4c23-r2-rate5p0-45fe26,2,5.0,31337:0x000000000000000000000000000000000000000000000000000000000000001c:0,28,4.521792,5.428667,7.133458,74.666042,80.094709,True,
pipeline-20260825T171817Z-721b4c23,pipeline-20260825T171817Z-721b4c23-r2-rate5p0-45fe26,2,5.0,31337:0x000000000000000000000000000000000000000000000000000000000000001d:0,29,3.210042,3.725083,6.962417,56.903459,60.628542,True,
pipeline-20260825T171817Z-721b4c23,pipeline-20260825T171817Z-721b4c23-r2-rate5p0-45fe26,2,5.0,31337:0x000000000000000000000000000000000000000000000000000000000000001e:0,30,5.430041,6.289625,6.419167,53.874125,60.16375,True,
pipeline-20260825T171817Z-721b4c23,pipeline-20260825T171817Z-721b4c23-r2-rate5p0-45fe26,2,5.0,31337:0x000000000000000000000000000000000000000000000000000000000000001f:0,31,4.185125,4.842542,7.545542,57.676375,62.518917,True,
pipeline-20260825T171817Z-721b4c23,pipeline-20260825T171817Z-721b4c23-r2-rate5p0-45fe26,2,5.0,31337:0x0000000000000000000000000000000000000000000000000000000000000020:0,32,3.89325,4.617916,7.426792,63.608334,68.22625,True,
pipeline-20260825T171817Z-721b4c23,pipeline-20260825T171817Z-721b4c23-r2-rate5p0-45fe26,2,5.0,31337:0x0000000000000000000000000000000000000000000000000000000000000021:0,33,1.923459,2.262167,5.997583,52.33125,54.593417,True,
pipeline-20260825T171817Z-721b4c23,pipeline-20260825T171817Z-721b4c23-r2-rate5p0-45fe26,2,5.0,31337:0x0000000000000000000000000000000000000000000000000000000000000022:0,34,3.768792,4.5545,7.382708,63.301333,67.855833,True,
pipeline-20260825T171817Z-721b4c23,pipeline-20260825T171817Z-721b4c23-r2-rate5p0-45fe26,2,5.0,31337:0x0000000000000000000000000000000000000000000000000000000000000023:0,35,5.574417,7.06125,7.214584,65.8725,72.93375,True,
pipeline-20260825T171817Z-721b4c23,pipeline-20260825T171817Z-721b4c23-r2-rate10p0-8f6b84,2,10.0,31337:0x0000000000000000000000000000000000000000000000000000000000000006:0,6,0.820791,1.06325,4.705291,36.794333,37.857583,True,
pipeline-20260825T171817Z-721b4c23,pipeline-20260825T171817Z-721b4c23-r2-rate10p0-8f6b84,2,10.0,31337:0x0000000000000000000000000000000000000000000000000000000000000007:0,7,1.333375,1.717791,5.583417,46.895542,48.613333,True,
pipeline-20260825T171817Z-721b4c23,pipeline-20260825T171817Z-721b4c23-r2-rate10p0-8f6b84,2,10.0,31337:0x0000000000000000000000000000000000000000000000000000000000000008:0,8,1.716167,2.035708,6.175125,48.278167,50.313875,True,
pipeline-20260825T171817Z-721b4c23,pipeline-20260825T171817Z-721b4c23-r2-rate10p0-8f6b84,2,10.0,31337:0x0000000000000000000000000000000000000000000000000000000000000009:0,9,1.630834,2.115292,7.549958,58.419375,60.534667,True,
pipeline-20260825T171817Z-721b4c23,pipeline-20260825T171817Z-721b4c23-r2-rate10p0-8f6b84,2,10.0,31337:0x000000000000000000000000000000000000000000000000000000000000000a:0,10,1.462333,1.777417,5.119625,51.505541,53.282958,True,
pipeline-20260825T171817Z-721b4c23,pipeline-20260825T171817Z-721b4c23-r2-rate10p0-8f6b84,2,10.0,31337:0x000000000000000000000000000000000000000000000000000000000000000b:0,11,1.530125,1.81225,8.88375,59.625042,61.437292,True,
pipeline-20260825T171817Z-721b4c23,pipeline-20260825T171817Z-721b4c23-r2-rate10p0-8f6b84,2,10.0,31337:0x000000000000000000000000000000000000000000000000000000000000000c:0,12,1.456166,1.771958,5.742875,52.359292,54.13125,True,
pipeline-20260825T171817Z-721b4c23,pipeline-20260825T171817Z-721b4c23-r2-rate10p0-8f6b84,2,10.0,31337:0x000000000000000000000000000000000000000000000000000000000000000d:0,13,1.501334,1.739584,9.344417,56.406166,58.14575,True,
pipeline-20260825T171817Z-721b4c23,pipeline-20260825T171817Z-721b4c23-r2-rate10p0-8f6b84,2,10.0,31337:0x000000000000000000000000000000000000000000000000000000000000000e:0,14,2.411083,2.738,5.500208,55.737625,58.475625,True,
pipeline-20260825T171817Z-721b4c23,pipeline-20260825T171817Z-721b4c23-r2-rate10p0-8f6b84,2,10.0,31337:0x000000000000000000000000000000000000000000000000000000000000000f:0,15,2.27025,2.552417,9.450625,57.361041,59.913458,True,
pipeline-20260825T171817Z-721b4c23,pipeline-20260825T171817Z-721b4c23-r2-rate10p0-8f6b84,2,10.0,31337:0x0000000000000000000000000000000000000000000000000000000000000010:0,16,1.738708,1.963875,9.154459,54.456416,56.420291,True,
pipeline-20260825T171817Z-721b4c23,pipeline-20260825T171817Z-721b4c23-r2-rate10p0-8f6b84,2,10.0,31337:0x0000000000000000000000000000000000000000000000000000000000000011:0,17,1.490292,1.791708,6.947708,55.178792,56.9705,True,
pipeline-20260825T171817Z-721b4c23,pipeline-20260825T171817Z-721b4c23-r2-rate10p0-8f6b84,2,10.0,31337:0x0000000000000000000000000000000000000000000000000000000000000012:0,18,1.401541,1.839583,9.54,55.255333,57.094916,True,
pipeline-20260825T171817Z-721b4c23,pipeline-20260825T171817Z-721b4c23-r2-rate10p0-8f6b84,2,10.0,31337:0x0000000000000000000000000000000000000000000000000000000000000013:0,19,1.794333,2.302375,8.506584,60.812333,63.114708,True,
pipeline-20260825T171817Z-721b4c23,pipeline-20260825T171817Z-721b4c23-r2-rate10p0-8f6b84,2,10.0,31337:0x0000000000000000000000000000000000000000000000000000000000000014:0,20,2.22275,2.596167,6.729417,47.493625,50.089792,True,
pipeline-20260825T171817Z-721b4c23,pipeline-20260825T171817Z-721b4c23-r2-rate10p0-8f6b84,2,10.0,31337:0x0000000000000000000000000000000000000000000000000000000000000015:0,21,2.941792,3.270375,6.493667,57.584833,60.855208,True,
pipeline-20260825T171817Z-721b4c23,pipeline-20260825T171817Z-721b4c23-r2-rate10p0-8f6b84,2,10.0,31337:0x0000000000000000000000000000000000000000000000000000000000000016:0,22,1.481583,1.756625,6.051667,48.479416,50.236041,True,
pipeline-20260825T171817Z-721b4c23,pipeline-20260825T171817Z-721b4c23-r2-rate10p0-8f6b84,2,10.0,31337:0x0000000000000000000000000000000000000000000000000000000000000017:0,23,1.749541,2.116333,6.034167,49.86025,51.976583,True,
pipeline-20260825T171817Z-721b4c23,pipeline-20260825T171817Z-721b4c23-r2-rate10p0-8f6b84,2,10.0,31337:0x0000000000000000000000000000000000000000000000000000000000000018:0,24,1.495417,1.755125,5.726292,48.739583,50.494708,True,
pipeline-20260825T171817Z-721b4c23,pipeline-20260825T171817Z-721b4c23-r2-rate10p0-8f6b84,2,10.0,31337:0x0000000000000000000000000000000000000000000000000000000000000019:0,25,1.435083,1.696958,6.70975,50.8635,52.560458,True,
pipeline-20260825T171817Z-721b4c23,pipeline-20260825T171817Z-721b4c23-r2-rate10p0-8f6b84,2,10.0,31337:0x000000000000000000000000000000000000000000000000000000000000001a:0,26,1.627291,1.934416,6.748542,60.518209,62.452625,True,
pipeline-20260825T171817Z-721b4c23,pipeline-20260825T171817Z-721b4c23-r2-rate10p0-8f6b84,2,10.0,31337:0x000000000000000000000000000000000000000000000000000000000000001b:0,27,1.422375,1.702458,6.386959,50.412625,52.115083,True,
pipeline-20260825T171817Z-721b4c23,pipeline-20260825T171817Z-721b4c23-r2-rate10p0-8f6b84,2,10.0,31337:0x000000000000000000000000000000000000000000000000000000000000001c:0,28,1.196209,1.439917,4.796875,47.613375,49.053292,True,
pipeline-20260825T171817Z-721b4c23,pipeline-20260825T171817Z-721b4c23-r2-rate10p0-8f6b84,2,10.0,31337:0x000000000000000000000000000000000000000000000000000000000000001d:0,29,1.257,1.492416,7.658584,51.587792,53.080208,True,
pipeline-20260825T171817Z-721b4c23,pipeline-20260825T171817Z-721b4c23-r2-rate10p0-8f6b84,2,10.0,31337:0x000000000000000000000000000000000000000000000000000000000000001e:0,30,1.352042,1.641917,7.494833,55.279333,56.92125,True,
pipeline-20260825T171817Z-721b4c23,pipeline-20260825T171817Z-721b4c23-r2-rate10p0-8f6b84,2,10.0,31337:0x000000000000000000000000000000000000000000000000000000000000001f:0,31,1.501083,1.73675,5.458917,49.634666,51.371416,True,
pipeline-20260825T171817Z-721b4c23,pipeline-20260825T171817Z-721b4c23-r2-rate10p0-8f6b84,2,10.0,31337:0x0000000000000000000000000000000000000000000000000000000000000020:0,32,1.385125,1.632583,6.665167,51.190625,52.823208,True,
pipeline-20260825T171817Z-721b4c23,pipeline-20260825T171817Z-721b4c23-r2-rate10p0-8f6b84,2,10.0,31337:0x0000000000000000000000000000000000000000000000000000000000000021:0,33,1.500708,1.853708,6.654084,47.575125,49.428833,True,
pipeline-20260825T171817Z-721b4c23,pipeline-20260825T171817Z-721b4c23-r2-rate10p0-8f6b84,2,10.0,31337:0x0000000000000000000000000000000000000000000000000000000000000022:0,34,1.653083,2.1045,6.35925,54.216583,56.321083,True,
pipeline-20260825T171817Z-721b4c23,pipeline-20260825T171817Z-721b4c23-r2-rate10p0-8f6b84,2,10.0,31337:0x0000000000000000000000000000000000000000000000000000000000000023:0,35,1.469458,1.846041,5.685375,52.828084,54.674125,True,
pipeline-20260825T171817Z-721b4c23,pipeline-20260825T171817Z-721b4c23-r2-rate20p0-e9c73a,2,20.0,31337:0x0000000000000000000000000000000000000000000000000000000000000006:0,6,0.81375,1.038125,4.84975,38.650625,39.68875,True,
pipeline-20260825T171817Z-721b4c23,pipeline-20260825T171817Z-721b4c23-r2-rate20p0-e9c73a,2,20.0,31337:0x0000000000000000000000000000000000000000000000000000000000000007:0,7,1.091208,1.318375,4.67075,40.140167,41.458542,True,
pipeline-20260825T171817Z-721b4c23,pipeline-20260825T171817Z-721b4c23-r2-rate20p0-e9c73a,2,20.0,31337:0x0000000000000000000000000000000000000000000000000000000000000008:0,8,0.874,1.179333,5.192958,38.745042,39.924375,True,
pipeline-20260825T171817Z-721b4c23,pipeline-20260825T171817Z-721b4c23-r2-rate20p0-e9c73a,2,20.0,31337:0x0000000000000000000000000000000000000000000000000000000000000009:0,9,0.901291,1.110541,5.219958,41.175292,42.285833,True,
pipeline-20260825T171817Z-721b4c23,pipeline-20260825T171817Z-721b4c23-r2-rate20p0-e9c73a,2,20.0,31337:0x000000000000000000000000000000000000000000000000000000000000000a:0,10,0.873958,1.138958,7.044708,40.112583,41.251541,True,
pipeline-20260825T171817Z-721b4c23,pipeline-20260825T171817Z-721b4c23-r2-rate20p0-e9c73a,2,20.0,31337:0x000000000000000000000000000000000000000000000000000000000000000b:0,11,0.8705,1.133,5.035375,39.622166,40.755166,True,
pipeline-20260825T171817Z-721b4c23,pipeline-20260825T171817Z-721b4c23-r2-rate20p0-e9c73a,2,20.0,31337:0x000000000000000000000000000000000000000000000000000000000000000c:0,12,0.91825,1.196166,4.988833,40.29425,41.490416,True,
pipeline-20260825T171817Z-721b4c23,pipeline-20260825T171817Z-721b4c23-r2-rate20p0-e9c73a,2,20.0,31337:0x000000000000000000000000000000000000000000000000000000000000000d:0,13,1.365458,1.770667,6.056166,41.469541,43.240208,True,
pipeline-20260825T171817Z-721b4c23,pipeline-20260825T171817Z-721b4c23-r2-rate20p0-e9c73a,2,20.0,31337:0x000000000000000000000000000000000000000000000000000000000000000e:0,14,0.701084,0.970709,4.957875,37.189583,38.160292,True,
pipeline-20260825T171817Z-721b4c23,pipeline-20260825T171817Z-721b4c23-r2-rate20p0-e9c73a,2,20.0,31337:0x000000000000000000000000000000000000000000000000000000000000000f:0,15,1.022542,1.288542,5.004792,39.173083,40.461625,True,
pipeline-20260825T171817Z-721b4c23,pipeline-20260825T171817Z-721b4c23-r2-rate20p0-e9c73a,2,20.0,31337:0x0000000000000000000000000000000000000000000000000000000000000010:0,16,0.984,1.194208,4.741666,38.820042,40.01425,True,
pipeline-20260825T171817Z-721b4c23,pipeline-20260825T171817Z-721b4c23-r2-rate20p0-e9c73a,2,20.0,31337:0x0000000000000000000000000000000000000000000000000000000000000011:0,17,0.777083,1.008292,5.034417,39.080666,40.088958,True,
pipeline-20260825T171817Z-721b4c23,pipeline-20260825T171817Z-721b4c23-r2-rate20p0-e9c73a,2,20.0,31337:0x0000000000000000000000000000000000000000000000000000000000000012:0,18,0.9805,1.195708,5.037583,38.953792,40.1495,True,
pipeline-20260825T171817Z-721b4c23,pipeline-20260825T171817Z-721b4c23-r2-rate20p0-e9c73a,2,20.0,31337:0x0000000000000000000000000000000000000000000000000000000000000013:0,19,1.333667,1.594584,6.342833,40.272666,41.86725,True,
pipeline-20260825T171817Z-721b4c23,pipeline-20260825T171817Z-721b4c23-r2-rate20p0-e9c73a,2,20.0,31337:0x0000000000000000000000000000000000000000000000000000000000000014:0,20,0.716791,0.987583,5.20375,37.71775,38.705333,True,
pipeline-20260825T171817Z-721b4c23,pipeline-20260825T171817Z-721b4c23-r2-rate20p0-e9c73a,2,20.0,31337:0x0000000000000000000000000000000000000000000000000000000000000015:0,21,0.95325,1.211917,5.337125,40.50425,41.716167,True,
pipeline-20260825T171817Z-721b4c23,pipeline-20260825T171817Z-721b4c23-r2-rate20p0-e9c73a,2,20.0,31337:0x0000000000000000000000000000000000000000000000000000000000000016:0,22,0.850791,1.193458,5.908875,42.511125,43.704583,True,
pipeline-20260825T171817Z-721b4c23,pipeline-20260825T171817Z-721b4c23-r2-rate20p0-e9c73a,2,20.0,31337:0x0000000000000000000000000000000000000000000000000000000000000017:0,23,0.903542,1.205708,5.123833,41.58125,42.786958,True,
pipeline-20260825T171817Z-721b4c23,pipeline-20260825T171817Z-721b4c23-r2-rate20p0-e9c73a,2,20.0,31337:0x0000000000000000000000000000000000000000000000000000000000000018:0,24,0.824875,1.094625,5.069334,38.424333,39.518958,True,
pipeline-20260825T171817Z-721b4c23,pipeline-20260825T171817Z-721b4c23-r2-rate20p0-e9c73a,2,20.0,31337:0x0000000000000000000000000000000000000000000000000000000000000019:0,25,1.07,1.326417,6.340541,40.639125,41.965542,True,
pipeline-20260825T171817Z-721b4c23,pipeline-20260825T171817Z-721b4c23-r2-rate20p0-e9c73a,2,20.0,31337:0x000000000000000000000000000000000000000000000000000000000000001a:0,26,0.671875,0.946375,4.389375,38.666041,39.612416,True,
pipeline-20260825T171817Z-721b4c23,pipeline-20260825T171817Z-721b4c23-r2-rate20p0-e9c73a,2,20.0,31337:0x000000000000000000000000000000000000000000000000000000000000001b:0,27,1.025708,1.401042,5.86825,40.7105,42.111542,True,
pipeline-20260825T171817Z-721b4c23,pipeline-20260825T171817Z-721b4c23-r2-rate20p0-e9c73a,2,20.0,31337:0x000000000000000000000000000000000000000000000000000000000000001c:0,28,0.713916,0.953333,5.346375,39.460958,40.414291,True,
pipeline-20260825T171817Z-721b4c23,pipeline-20260825T171817Z-721b4c23-r2-rate20p0-e9c73a,2,20.0,31337:0x000000000000000000000000000000000000000000000000000000000000001d:0,29,1.092,1.213625,4.90975,38.394916,39.608541,True,
pipeline-20260825T171817Z-721b4c23,pipeline-20260825T171817Z-721b4c23-r2-rate20p0-e9c73a,2,20.0,31337:0x000000000000000000000000000000000000000000000000000000000000001e:0,30,1.009625,1.389041,5.155709,41.078209,42.46725,True,
pipeline-20260825T171817Z-721b4c23,pipeline-20260825T171817Z-721b4c23-r2-rate20p0-e9c73a,2,20.0,31337:0x000000000000000000000000000000000000000000000000000000000000001f:0,31,0.967583,1.17975,6.108333,41.935875,43.115625,True,
pipeline-20260825T171817Z-721b4c23,pipeline-20260825T171817Z-721b4c23-r2-rate20p0-e9c73a,2,20.0,31337:0x0000000000000000000000000000000000000000000000000000000000000020:0,32,0.752167,0.990625,5.882041,38.266792,39.257417,True,
pipeline-20260825T171817Z-721b4c23,pipeline-20260825T171817Z-721b4c23-r2-rate20p0-e9c73a,2,20.0,31337:0x0000000000000000000000000000000000000000000000000000000000000021:0,33,1.259292,1.516792,5.139125,39.279666,40.796458,True,
pipeline-20260825T171817Z-721b4c23,pipeline-20260825T171817Z-721b4c23-r2-rate20p0-e9c73a,2,20.0,31337:0x0000000000000000000000000000000000000000000000000000000000000022:0,34,1.067834,1.284042,4.836917,40.190125,41.474167,True,
pipeline-20260825T171817Z-721b4c23,pipeline-20260825T171817Z-721b4c23-r2-rate20p0-e9c73a,2,20.0,31337:0x0000000000000000000000000000000000000000000000000000000000000023:0,35,0.976625,1.146333,5.009167,39.346583,40.492916,True,
pipeline-20260825T171817Z-721b4c23,pipeline-20260825T171817Z-721b4c23-r3-rate0p0-09edad,3,0.0,31337:0x0000000000000000000000000000000000000000000000000000000000000006:0,6,0.924417,1.361917,4.609625,37.425,38.786917,True,
pipeline-20260825T171817Z-721b4c23,pipeline-20260825T171817Z-721b4c23-r3-rate0p0-09edad,3,0.0,31337:0x0000000000000000000000000000000000000000000000000000000000000007:0,7,1.264875,38.754792,4.169917,34.641541,73.396333,True,
pipeline-20260825T171817Z-721b4c23,pipeline-20260825T171817Z-721b4c23-r3-rate0p0-09edad,3,0.0,31337:0x0000000000000000000000000000000000000000000000000000000000000008:0,8,0.614666,72.955208,4.234959,33.222417,106.177625,True,
pipeline-20260825T171817Z-721b4c23,pipeline-20260825T171817Z-721b4c23-r3-rate0p0-09edad,3,0.0,31337:0x0000000000000000000000000000000000000000000000000000000000000009:0,9,0.526459,106.41375,4.620875,36.427459,142.841209,True,
pipeline-20260825T171817Z-721b4c23,pipeline-20260825T171817Z-721b4c23-r3-rate0p0-09edad,3,0.0,31337:0x000000000000000000000000000000000000000000000000000000000000000a:0,10,0.538667,143.301708,4.248583,36.436792,179.7385,True,
pipeline-20260825T171817Z-721b4c23,pipeline-20260825T171817Z-721b4c23-r3-rate0p0-09edad,3,0.0,31337:0x000000000000000000000000000000000000000000000000000000000000000b:0,11,0.446958,180.164083,5.3935,37.562959,217.727042,True,
pipeline-20260825T171817Z-721b4c23,pipeline-20260825T171817Z-721b4c23-r3-rate0p0-09edad,3,0.0,31337:0x000000000000000000000000000000000000000000000000000000000000000c:0,12,0.533333,218.235083,4.268125,38.588334,256.823417,True,
pipeline-20260825T171817Z-721b4c23,pipeline-20260825T171817Z-721b4c23-r3-rate0p0-09edad,3,0.0,31337:0x000000000000000000000000000000000000000000000000000000000000000d:0,13,0.55275,257.139375,4.128875,33.813375,290.95275,True,
pipeline-20260825T171817Z-721b4c23,pipeline-20260825T171817Z-721b4c23-r3-rate0p0-09edad,3,0.0,31337:0x000000000000000000000000000000000000000000000000000000000000000e:0,14,0.957458,291.659166,5.073541,36.118834,327.778,True,
pipeline-20260825T171817Z-721b4c23,pipeline-20260825T171817Z-721b4c23-r3-rate0p0-09edad,3,0.0,31337:0x000000000000000000000000000000000000000000000000000000000000000f:0,15,1.05475,328.55975,4.682708,36.654541,365.214291,True,
pipeline-20260825T171817Z-721b4c23,pipeline-20260825T171817Z-721b4c23-r3-rate0p0-09edad,3,0.0,31337:0x0000000000000000000000000000000000000000000000000000000000000010:0,16,0.769834,365.208459,4.464875,36.380083,401.588542,True,
pipeline-20260825T171817Z-721b4c23,pipeline-20260825T171817Z-721b4c23-r3-rate0p0-09edad,3,0.0,31337:0x0000000000000000000000000000000000000000000000000000000000000011:0,17,0.734833,401.825458,4.701709,37.787625,439.613083,True,
pipeline-20260825T171817Z-721b4c23,pipeline-20260825T171817Z-721b4c23-r3-rate0p0-09edad,3,0.0,31337:0x0000000000000000000000000000000000000000000000000000000000000012:0,18,0.6175,440.469375,4.634583,40.686542,481.155917,True,
pipeline-20260825T171817Z-721b4c23,pipeline-20260825T171817Z-721b4c23-r3-rate0p0-09edad,3,0.0,31337:0x0000000000000000000000000000000000000000000000000000000000000013:0,19,0.552666,482.123083,4.626,36.640542,518.763625,True,
pipeline-20260825T171817Z-721b4c23,pipeline-20260825T171817Z-721b4c23-r3-rate0p0-09edad,3,0.0,31337:0x0000000000000000000000000000000000000000000000000000000000000014:0,20,0.868166,519.199666,4.821834,38.4525,557.652166,True,
pipeline-20260825T171817Z-721b4c23,pipeline-20260825T171817Z-721b4c23-r3-rate0p0-09edad,3,0.0,31337:0x0000000000000000000000000000000000000000000000000000000000000015:0,21,0.50475,557.662208,4.723625,38.084,595.746208,True,
pipeline-20260825T171817Z-721b4c23,pipeline-20260825T171817Z-721b4c23-r3-rate0p0-09edad,3,0.0,31337:0x0000000000000000000000000000000000000000000000000000000000000016:0,22,0.571083,596.2405,5.106042,36.238375,632.478875,True,
pipeline-20260825T171817Z-721b4c23,pipeline-20260825T171817Z-721b4c23-r3-rate0p0-09edad,3,0.0,31337:0x0000000000000000000000000000000000000000000000000000000000000017:0,23,0.636167,633.091708,4.278584,36.966834,670.058542,True,
pipeline-20260825T171817Z-721b4c23,pipeline-20260825T171817Z-721b4c23-r3-rate0p0-09edad,3,0.0,31337:0x0000000000000000000000000000000000000000000000000000000000000018:0,24,0.5835,670.408542,4.832333,40.046833,710.455375,True,
pipeline-20260825T171817Z-721b4c23,pipeline-20260825T171817Z-721b4c23-r3-rate0p0-09edad,3,0.0,31337:0x0000000000000000000000000000000000000000000000000000000000000019:0,25,0.571208,710.847167,4.936417,36.718375,747.565542,True,
pipeline-20260825T171817Z-721b4c23,pipeline-20260825T171817Z-721b4c23-r3-rate0p0-09edad,3,0.0,31337:0x000000000000000000000000000000000000000000000000000000000000001a:0,26,0.703916,747.900166,4.66175,34.716042,782.616208,True,
pipeline-20260825T171817Z-721b4c23,pipeline-20260825T171817Z-721b4c23-r3-rate0p0-09edad,3,0.0,31337:0x000000000000000000000000000000000000000000000000000000000000001b:0,27,0.63725,782.887708,4.633625,36.492584,819.380292,True,
pipeline-20260825T171817Z-721b4c23,pipeline-20260825T171817Z-721b4c23-r3-rate0p0-09edad,3,0.0,31337:0x000000000000000000000000000000000000000000000000000000000000001c:0,28,0.513583,819.919917,4.944209,36.858083,856.778,True,
pipeline-20260825T171817Z-721b4c23,pipeline-20260825T171817Z-721b4c23-r3-rate0p0-09edad,3,0.0,31337:0x000000000000000000000000000000000000000000000000000000000000001d:0,29,0.526791,857.134958,4.17725,35.206417,892.341375,True,
pipeline-20260825T171817Z-721b4c23,pipeline-20260825T171817Z-721b4c23-r3-rate0p0-09edad,3,0.0,31337:0x000000000000000000000000000000000000000000000000000000000000001e:0,30,0.787709,892.830209,4.065541,32.661125,925.491334,True,
pipeline-20260825T171817Z-721b4c23,pipeline-20260825T171817Z-721b4c23-r3-rate0p0-09edad,3,0.0,31337:0x000000000000000000000000000000000000000000000000000000000000001f:0,31,0.436958,925.547458,4.547708,33.724459,959.271917,True,
pipeline-20260825T171817Z-721b4c23,pipeline-20260825T171817Z-721b4c23-r3-rate0p0-09edad,3,0.0,31337:0x0000000000000000000000000000000000000000000000000000000000000020:0,32,0.422583,959.937583,4.487709,33.124542,993.062125,True,
pipeline-20260825T171817Z-721b4c23,pipeline-20260825T171817Z-721b4c23-r3-rate0p0-09edad,3,0.0,31337:0x0000000000000000000000000000000000000000000000000000000000000021:0,33,0.503083,993.617666,5.138708,36.24725,1029.864916,True,
pipeline-20260825T171817Z-721b4c23,pipeline-20260825T171817Z-721b4c23-r3-rate0p0-09edad,3,0.0,31337:0x0000000000000000000000000000000000000000000000000000000000000022:0,34,0.418875,1030.259542,5.15475,36.96625,1067.225792,True,
pipeline-20260825T171817Z-721b4c23,pipeline-20260825T171817Z-721b4c23-r3-rate0p0-09edad,3,0.0,31337:0x0000000000000000000000000000000000000000000000000000000000000023:0,35,0.471458,1067.809041,4.373916,34.189,1101.998041,True,
pipeline-20260825T171817Z-721b4c23,pipeline-20260825T171817Z-721b4c23-r3-rate5p0-9627d7,3,5.0,31337:0x0000000000000000000000000000000000000000000000000000000000000006:0,6,1.249666,1.317125,4.88975,36.404625,37.72175,True,
pipeline-20260825T171817Z-721b4c23,pipeline-20260825T171817Z-721b4c23-r3-rate5p0-9627d7,3,5.0,31337:0x0000000000000000000000000000000000000000000000000000000000000007:0,7,3.357708,3.603667,7.196333,63.971583,67.57525,True,
pipeline-20260825T171817Z-721b4c23,pipeline-20260825T171817Z-721b4c23-r3-rate5p0-9627d7,3,5.0,31337:0x0000000000000000000000000000000000000000000000000000000000000008:0,8,3.205208,3.75825,9.553625,66.299375,70.057625,True,
pipeline-20260825T171817Z-721b4c23,pipeline-20260825T171817Z-721b4c23-r3-rate5p0-9627d7,3,5.0,31337:0x0000000000000000000000000000000000000000000000000000000000000009:0,9,3.969208,4.682708,7.684041,67.420292,72.103,True,
pipeline-20260825T171817Z-721b4c23,pipeline-20260825T171817Z-721b4c23-r3-rate5p0-9627d7,3,5.0,31337:0x000000000000000000000000000000000000000000000000000000000000000a:0,10,3.725916,4.241916,6.566083,60.688709,64.930625,True,
pipeline-20260825T171817Z-721b4c23,pipeline-20260825T171817Z-721b4c23-r3-rate5p0-9627d7,3,5.0,31337:0x000000000000000000000000000000000000000000000000000000000000000b:0,11,1.487791,1.681708,5.169625,49.287292,50.969,True,
pipeline-20260825T171817Z-721b4c23,pipeline-20260825T171817Z-721b4c23-r3-rate5p0-9627d7,3,5.0,31337:0x000000000000000000000000000000000000000000000000000000000000000c:0,12,3.307083,3.615542,6.585209,58.031041,61.646583,True,
pipeline-20260825T171817Z-721b4c23,pipeline-20260825T171817Z-721b4c23-r3-rate5p0-9627d7,3,5.0,31337:0x000000000000000000000000000000000000000000000000000000000000000d:0,13,3.715792,4.521084,8.919042,65.127333,69.648417,True,
pipeline-20260825T171817Z-721b4c23,pipeline-20260825T171817Z-721b4c23-r3-rate5p0-9627d7,3,5.0,31337:0x000000000000000000000000000000000000000000000000000000000000000e:0,14,4.162625,4.73925,8.499708,61.189792,65.929042,True,
pipeline-20260825T171817Z-721b4c23,pipeline-20260825T171817Z-721b4c23-r3-rate5p0-9627d7,3,5.0,31337:0x000000000000000000000000000000000000000000000000000000000000000f:0,15,2.414375,2.777833,7.73575,60.203208,62.981041,True,
pipeline-20260825T171817Z-721b4c23,pipeline-20260825T171817Z-721b4c23-r3-rate5p0-9627d7,3,5.0,31337:0x0000000000000000000000000000000000000000000000000000000000000010:0,16,5.901166,7.310416,12.200708,71.711875,79.022291,True,
pipeline-20260825T171817Z-721b4c23,pipeline-20260825T171817Z-721b4c23-r3-rate5p0-9627d7,3,5.0,31337:0x0000000000000000000000000000000000000000000000000000000000000011:0,17,1.308041,1.47575,4.684625,39.166166,40.641916,True,
pipeline-20260825T171817Z-721b4c23,pipeline-20260825T171817Z-721b4c23-r3-rate5p0-9627d7,3,5.0,31337:0x0000000000000000000000000000000000000000000000000000000000000012:0,18,1.352,1.589208,7.112959,53.915417,55.504625,True,
pipeline-20260825T171817Z-721b4c23,pipeline-20260825T171817Z-721b4c23-r3-rate5p0-9627d7,3,5.0,31337:0x0000000000000000000000000000000000000000000000000000000000000013:0,19,1.316167,1.632333,7.306833,51.327292,52.959625,True,
pipeline-20260825T171817Z-721b4c23,pipeline-20260825T171817Z-721b4c23-r3-rate5p0-9627d7,3,5.0,31337:0x0000000000000000000000000000000000000000000000000000000000000014:0,20,2.081333,2.462041,9.884916,71.858459,74.3205,True,
pipeline-20260825T171817Z-721b4c23,pipeline-20260825T171817Z-721b4c23-r3-rate5p0-9627d7,3,5.0,31337:0x0000000000000000000000000000000000000000000000000000000000000015:0,21,2.084875,2.416834,8.449542,63.166458,65.583292,True,
pipeline-20260825T171817Z-721b4c23,pipeline-20260825T171817Z-721b4c23-r3-rate5p0-9627d7,3,5.0,31337:0x0000000000000000000000000000000000000000000000000000000000000016:0,22,4.834667,5.159667,4.485334,47.725083,52.88475,True,
pipeline-20260825T171817Z-721b4c23,pipeline-20260825T171817Z-721b4c23-r3-rate5p0-9627d7,3,5.0,31337:0x0000000000000000000000000000000000000000000000000000000000000017:0,23,2.727166,3.194708,5.304458,44.711917,47.906625,True,
pipeline-20260825T171817Z-721b4c23,pipeline-20260825T171817Z-721b4c23-r3-rate5p0-9627d7,3,5.0,31337:0x0000000000000000000000000000000000000000000000000000000000000018:0,24,4.199833,4.797292,6.07375,59.908583,64.705875,True,
pipeline-20260825T171817Z-721b4c23,pipeline-20260825T171817Z-721b4c23-r3-rate5p0-9627d7,3,5.0,31337:0x0000000000000000000000000000000000000000000000000000000000000019:0,25,1.625375,1.914125,9.898708,65.915,67.829125,True,
pipeline-20260825T171817Z-721b4c23,pipeline-20260825T171817Z-721b4c23-r3-rate5p0-9627d7,3,5.0,31337:0x000000000000000000000000000000000000000000000000000000000000001a:0,26,4.41525,5.04475,7.172291,66.921209,71.965959,True,
pipeline-20260825T171817Z-721b4c23,pipeline-20260825T171817Z-721b4c23-r3-rate5p0-9627d7,3,5.0,31337:0x000000000000000000000000000000000000000000000000000000000000001b:0,27,6.224166,6.987791,6.140791,60.674917,67.662708,True,
pipeline-20260825T171817Z-721b4c23,pipeline-20260825T171817Z-721b4c23-r3-rate5p0-9627d7,3,5.0,31337:0x000000000000000000000000000000000000000000000000000000000000001c:0,28,4.846667,5.185917,6.520916,69.170333,74.35625,True,
pipeline-20260825T171817Z-721b4c23,pipeline-20260825T171817Z-721b4c23-r3-rate5p0-9627d7,3,5.0,31337:0x000000000000000000000000000000000000000000000000000000000000001d:0,29,4.291917,5.168959,9.007166,70.089958,75.258917,True,
pipeline-20260825T171817Z-721b4c23,pipeline-20260825T171817Z-721b4c23-r3-rate5p0-9627d7,3,5.0,31337:0x000000000000000000000000000000000000000000000000000000000000001e:0,30,4.378875,5.026834,5.293083,56.464333,61.491167,True,
pipeline-20260825T171817Z-721b4c23,pipeline-20260825T171817Z-721b4c23-r3-rate5p0-9627d7,3,5.0,31337:0x000000000000000000000000000000000000000000000000000000000000001f:0,31,6.844375,7.176125,5.78675,53.976042,61.152167,True,
pipeline-20260825T171817Z-721b4c23,pipeline-20260825T171817Z-721b4c23-r3-rate5p0-9627d7,3,5.0,31337:0x0000000000000000000000000000000000000000000000000000000000000020:0,32,3.964709,4.703209,6.89,57.011791,61.715,True,
pipeline-20260825T171817Z-721b4c23,pipeline-20260825T171817Z-721b4c23-r3-rate5p0-9627d7,3,5.0,31337:0x0000000000000000000000000000000000000000000000000000000000000021:0,33,2.145709,2.495875,5.557833,53.807792,56.303667,True,
pipeline-20260825T171817Z-721b4c23,pipeline-20260825T171817Z-721b4c23-r3-rate5p0-9627d7,3,5.0,31337:0x0000000000000000000000000000000000000000000000000000000000000022:0,34,3.864334,4.537667,5.800458,63.791083,68.32875,True,
pipeline-20260825T171817Z-721b4c23,pipeline-20260825T171817Z-721b4c23-r3-rate5p0-9627d7,3,5.0,31337:0x0000000000000000000000000000000000000000000000000000000000000023:0,35,1.500291,1.770541,8.65675,59.58425,61.354791,True,
pipeline-20260825T171817Z-721b4c23,pipeline-20260825T171817Z-721b4c23-r3-rate10p0-d13037,3,10.0,31337:0x0000000000000000000000000000000000000000000000000000000000000006:0,6,1.264458,1.440458,5.345958,38.361292,39.80175,True,
pipeline-20260825T171817Z-721b4c23,pipeline-20260825T171817Z-721b4c23-r3-rate10p0-d13037,3,10.0,31337:0x0000000000000000000000000000000000000000000000000000000000000007:0,7,1.526583,1.874333,9.053292,56.087208,57.961541,True,
pipeline-20260825T171817Z-721b4c23,pipeline-20260825T171817Z-721b4c23-r3-rate10p0-d13037,3,10.0,31337:0x0000000000000000000000000000000000000000000000000000000000000008:0,8,1.30575,1.514208,7.941458,56.577792,58.092,True,
pipeline-20260825T171817Z-721b4c23,pipeline-20260825T171817Z-721b4c23-r3-rate10p0-d13037,3,10.0,31337:0x0000000000000000000000000000000000000000000000000000000000000009:0,9,1.49825,1.914959,5.632958,48.689208,50.604167,True,
pipeline-20260825T171817Z-721b4c23,pipeline-20260825T171817Z-721b4c23-r3-rate10p0-d13037,3,10.0,31337:0x000000000000000000000000000000000000000000000000000000000000000a:0,10,1.542083,1.836417,6.416708,58.7545,60.590917,True,
pipeline-20260825T171817Z-721b4c23,pipeline-20260825T171817Z-721b4c23-r3-rate10p0-d13037,3,10.0,31337:0x000000000000000000000000000000000000000000000000000000000000000b:0,11,1.5365,1.801583,8.325791,57.900958,59.702541,True,
pipeline-20260825T171817Z-721b4c23,pipeline-20260825T171817Z-721b4c23-r3-rate10p0-d13037,3,10.0,31337:0x000000000000000000000000000000000000000000000000000000000000000c:0,12,1.5185,1.792375,5.684375,51.202083,52.994458,True,
pipeline-20260825T171817Z-721b4c23,pipeline-20260825T171817Z-721b4c23-r3-rate10p0-d13037,3,10.0,31337:0x000000000000000000000000000000000000000000000000000000000000000d:0,13,1.347958,1.647917,10.287917,55.33825,56.986167,True,
pipeline-20260825T171817Z-721b4c23,pipeline-20260825T171817Z-721b4c23-r3-rate10p0-d13037,3,10.0,31337:0x000000000000000000000000000000000000000000000000000000000000000e:0,14,1.32925,1.546417,5.023833,49.500875,51.047292,True,
pipeline-20260825T171817Z-721b4c23,pipeline-20260825T171817Z-721b4c23-r3-rate10p0-d13037,3,10.0,31337:0x000000000000000000000000000000000000000000000000000000000000000f:0,15,3.022958,3.217083,8.032208,57.641334,60.858417,True,
pipeline-20260825T171817Z-721b4c23,pipeline-20260825T171817Z-721b4c23-r3-rate10p0-d13037,3,10.0,31337:0x0000000000000000000000000000000000000000000000000000000000000010:0,16,1.59275,1.935917,7.102,58.066,60.001917,True,
pipeline-20260825T171817Z-721b4c23,pipeline-20260825T171817Z-721b4c23-r3-rate10p0-d13037,3,10.0,31337:0x0000000000000000000000000000000000000000000000000000000000000011:0,17,1.424291,1.73175,9.884125,62.324875,64.056625,True,
pipeline-20260825T171817Z-721b4c23,pipeline-20260825T171817Z-721b4c23-r3-rate10p0-d13037,3,10.0,31337:0x0000000000000000000000000000000000000000000000000000000000000012:0,18,1.248958,1.869333,9.68425,59.376625,61.245958,True,
pipeline-20260825T171817Z-721b4c23,pipeline-20260825T171817Z-721b4c23-r3-rate10p0-d13037,3,10.0,31337:0x0000000000000000000000000000000000000000000000000000000000000013:0,19,1.356167,1.6465,7.981084,53.737,55.3835,True,
pipeline-20260825T171817Z-721b4c23,pipeline-20260825T171817Z-721b4c23-r3-rate10p0-d13037,3,10.0,31337:0x0000000000000000000000000000000000000000000000000000000000000014:0,20,1.330208,1.623083,7.768375,56.761625,58.384708,True,
pipeline-20260825T171817Z-721b4c23,pipeline-20260825T171817Z-721b4c23-r3-rate10p0-d13037,3,10.0,31337:0x0000000000000000000000000000000000000000000000000000000000000015:0,21,1.620083,1.991208,9.226333,56.904125,58.895333,True,
pipeline-20260825T171817Z-721b4c23,pipeline-20260825T171817Z-721b4c23-r3-rate10p0-d13037,3,10.0,31337:0x0000000000000000000000000000000000000000000000000000000000000016:0,22,2.047042,2.331625,6.680084,54.289375,56.621,True,
pipeline-20260825T171817Z-721b4c23,pipeline-20260825T171817Z-721b4c23-r3-rate10p0-d13037,3,10.0,31337:0x0000000000000000000000000000000000000000000000000000000000000017:0,23,1.282666,1.520833,7.036,51.786125,53.306958,True,
pipeline-20260825T171817Z-721b4c23,pipeline-20260825T171817Z-721b4c23-r3-rate10p0-d13037,3,10.0,31337:0x0000000000000000000000000000000000000000000000000000000000000018:0,24,1.488625,1.7235,6.108708,51.687167,53.410667,True,
pipeline-20260825T171817Z-721b4c23,pipeline-20260825T171817Z-721b4c23-r3-rate10p0-d13037,3,10.0,31337:0x0000000000000000000000000000000000000000000000000000000000000019:0,25,1.427125,1.685416,5.813291,51.869709,53.555125,True,
pipeline-20260825T171817Z-721b4c23,pipeline-20260825T171817Z-721b4c23-r3-rate10p0-d13037,3,10.0,31337:0x000000000000000000000000000000000000000000000000000000000000001a:0,26,2.605625,2.841708,7.17225,50.985292,53.827,True,
pipeline-20260825T171817Z-721b4c23,pipeline-20260825T171817Z-721b4c23-r3-rate10p0-d13037,3,10.0,31337:0x000000000000000000000000000000000000000000000000000000000000001b:0,27,1.398916,1.624083,5.640875,51.430333,53.054416,True,
pipeline-20260825T171817Z-721b4c23,pipeline-20260825T171817Z-721b4c23-r3-rate10p0-d13037,3,10.0,31337:0x000000000000000000000000000000000000000000000000000000000000001c:0,28,1.358917,1.645833,6.050083,46.473709,48.119542,True,
pipeline-20260825T171817Z-721b4c23,pipeline-20260825T171817Z-721b4c23-r3-rate10p0-d13037,3,10.0,31337:0x000000000000000000000000000000000000000000000000000000000000001d:0,29,1.842125,2.143916,5.817625,51.087542,53.231458,True,
pipeline-20260825T171817Z-721b4c23,pipeline-20260825T171817Z-721b4c23-r3-rate10p0-d13037,3,10.0,31337:0x000000000000000000000000000000000000000000000000000000000000001e:0,30,1.41925,1.622583,7.158708,49.949834,51.572417,True,
pipeline-20260825T171817Z-721b4c23,pipeline-20260825T171817Z-721b4c23-r3-rate10p0-d13037,3,10.0,31337:0x000000000000000000000000000000000000000000000000000000000000001f:0,31,1.604166,2.0375,5.7075,49.661791,51.699291,True,
pipeline-20260825T171817Z-721b4c23,pipeline-20260825T171817Z-721b4c23-r3-rate10p0-d13037,3,10.0,31337:0x0000000000000000000000000000000000000000000000000000000000000020:0,32,1.36475,1.582041,5.560833,50.643167,52.225208,True,
pipeline-20260825T171817Z-721b4c23,pipeline-20260825T171817Z-721b4c23-r3-rate10p0-d13037,3,10.0,31337:0x0000000000000000000000000000000000000000000000000000000000000021:0,33,1.855417,2.3455,7.428917,49.659375,52.004875,True,
pipeline-20260825T171817Z-721b4c23,pipeline-20260825T171817Z-721b4c23-r3-rate10p0-d13037,3,10.0,31337:0x0000000000000000000000000000000000000000000000000000000000000022:0,34,1.829334,2.066417,6.223292,52.600667,54.667084,True,
pipeline-20260825T171817Z-721b4c23,pipeline-20260825T171817Z-721b4c23-r3-rate10p0-d13037,3,10.0,31337:0x0000000000000000000000000000000000000000000000000000000000000023:0,35,1.497209,1.683834,8.494208,54.560958,56.244792,True,
pipeline-20260825T171817Z-721b4c23,pipeline-20260825T171817Z-721b4c23-r3-rate20p0-10b7b4,3,20.0,31337:0x0000000000000000000000000000000000000000000000000000000000000006:0,6,0.813542,1.035708,4.608875,38.347625,39.383333,True,
pipeline-20260825T171817Z-721b4c23,pipeline-20260825T171817Z-721b4c23-r3-rate20p0-10b7b4,3,20.0,31337:0x0000000000000000000000000000000000000000000000000000000000000007:0,7,1.122208,1.345542,5.887209,41.50225,42.847792,True,
pipeline-20260825T171817Z-721b4c23,pipeline-20260825T171817Z-721b4c23-r3-rate20p0-10b7b4,3,20.0,31337:0x0000000000000000000000000000000000000000000000000000000000000008:0,8,0.921083,1.142792,5.248958,39.166708,40.3095,True,
pipeline-20260825T171817Z-721b4c23,pipeline-20260825T171817Z-721b4c23-r3-rate20p0-10b7b4,3,20.0,31337:0x0000000000000000000000000000000000000000000000000000000000000009:0,9,0.853958,1.06575,5.483167,40.765292,41.831042,True,
pipeline-20260825T171817Z-721b4c23,pipeline-20260825T171817Z-721b4c23-r3-rate20p0-10b7b4,3,20.0,31337:0x000000000000000000000000000000000000000000000000000000000000000a:0,10,0.961417,1.189,5.469583,40.356042,41.545042,True,
pipeline-20260825T171817Z-721b4c23,pipeline-20260825T171817Z-721b4c23-r3-rate20p0-10b7b4,3,20.0,31337:0x000000000000000000000000000000000000000000000000000000000000000b:0,11,0.8855,1.094333,7.769959,47.739084,48.833417,True,
pipeline-20260825T171817Z-721b4c23,pipeline-20260825T171817Z-721b4c23-r3-rate20p0-10b7b4,3,20.0,31337:0x000000000000000000000000000000000000000000000000000000000000000c:0,12,1.04875,1.886208,4.609875,36.524917,38.411125,True,
pipeline-20260825T171817Z-721b4c23,pipeline-20260825T171817Z-721b4c23-r3-rate20p0-10b7b4,3,20.0,31337:0x000000000000000000000000000000000000000000000000000000000000000d:0,13,0.910458,1.110583,4.644709,38.480833,39.591416,True,
pipeline-20260825T171817Z-721b4c23,pipeline-20260825T171817Z-721b4c23-r3-rate20p0-10b7b4,3,20.0,31337:0x000000000000000000000000000000000000000000000000000000000000000e:0,14,0.88875,1.083834,5.780709,40.365916,41.44975,True,
pipeline-20260825T171817Z-721b4c23,pipeline-20260825T171817Z-721b4c23-r3-rate20p0-10b7b4,3,20.0,31337:0x000000000000000000000000000000000000000000000000000000000000000f:0,15,0.988583,1.201291,4.575334,43.78275,44.984041,True,
pipeline-20260825T171817Z-721b4c23,pipeline-20260825T171817Z-721b4c23-r3-rate20p0-10b7b4,3,20.0,31337:0x0000000000000000000000000000000000000000000000000000000000000010:0,16,0.884959,1.080917,5.143625,37.768417,38.849334,True,
pipeline-20260825T171817Z-721b4c23,pipeline-20260825T171817Z-721b4c23-r3-rate20p0-10b7b4,3,20.0,31337:0x0000000000000000000000000000000000000000000000000000000000000011:0,17,1.210917,1.381167,5.0835,39.766333,41.1475,True,
pipeline-20260825T171817Z-721b4c23,pipeline-20260825T171817Z-721b4c23-r3-rate20p0-10b7b4,3,20.0,31337:0x0000000000000000000000000000000000000000000000000000000000000012:0,18,0.886584,1.079792,4.440834,38.624333,39.704125,True,
pipeline-20260825T171817Z-721b4c23,pipeline-20260825T171817Z-721b4c23-r3-rate20p0-10b7b4,3,20.0,31337:0x0000000000000000000000000000000000000000000000000000000000000013:0,19,1.014042,1.228042,5.217583,40.043667,41.271709,True,
pipeline-20260825T171817Z-721b4c23,pipeline-20260825T171817Z-721b4c23-r3-rate20p0-10b7b4,3,20.0,31337:0x0000000000000000000000000000000000000000000000000000000000000014:0,20,1.098542,1.362583,4.822166,37.828917,39.1915,True,
pipeline-20260825T171817Z-721b4c23,pipeline-20260825T171817Z-721b4c23-r3-rate20p0-10b7b4,3,20.0,31337:0x0000000000000000000000000000000000000000000000000000000000000015:0,21,1.166333,1.381,5.2125,42.365125,43.746125,True,
pipeline-20260825T171817Z-721b4c23,pipeline-20260825T171817Z-721b4c23-r3-rate20p0-10b7b4,3,20.0,31337:0x0000000000000000000000000000000000000000000000000000000000000016:0,22,1.0045,1.24625,5.946833,38.98225,40.2285,True,
pipeline-20260825T171817Z-721b4c23,pipeline-20260825T171817Z-721b4c23-r3-rate20p0-10b7b4,3,20.0,31337:0x0000000000000000000000000000000000000000000000000000000000000017:0,23,1.043292,1.352417,5.35475,39.201542,40.553959,True,
pipeline-20260825T171817Z-721b4c23,pipeline-20260825T171817Z-721b4c23-r3-rate20p0-10b7b4,3,20.0,31337:0x0000000000000000000000000000000000000000000000000000000000000018:0,24,1.251167,1.867958,4.151792,39.731625,41.599583,True,
pipeline-20260825T171817Z-721b4c23,pipeline-20260825T171817Z-721b4c23-r3-rate20p0-10b7b4,3,20.0,31337:0x0000000000000000000000000000000000000000000000000000000000000019:0,25,1.013084,1.231,5.058875,39.112959,40.343959,True,
pipeline-20260825T171817Z-721b4c23,pipeline-20260825T171817Z-721b4c23-r3-rate20p0-10b7b4,3,20.0,31337:0x000000000000000000000000000000000000000000000000000000000000001a:0,26,0.932583,1.144583,4.571209,38.009334,39.153917,True,
pipeline-20260825T171817Z-721b4c23,pipeline-20260825T171817Z-721b4c23-r3-rate20p0-10b7b4,3,20.0,31337:0x000000000000000000000000000000000000000000000000000000000000001b:0,27,2.425708,2.578875,4.602708,41.527291,44.106166,True,
pipeline-20260825T171817Z-721b4c23,pipeline-20260825T171817Z-721b4c23-r3-rate20p0-10b7b4,3,20.0,31337:0x000000000000000000000000000000000000000000000000000000000000001c:0,28,0.889,1.087666,4.622833,38.287,39.374666,True,
pipeline-20260825T171817Z-721b4c23,pipeline-20260825T171817Z-721b4c23-r3-rate20p0-10b7b4,3,20.0,31337:0x000000000000000000000000000000000000000000000000000000000000001d:0,29,0.963542,1.198375,4.971833,40.820875,42.01925,True,
pipeline-20260825T171817Z-721b4c23,pipeline-20260825T171817Z-721b4c23-r3-rate20p0-10b7b4,3,20.0,31337:0x000000000000000000000000000000000000000000000000000000000000001e:0,30,0.955,1.136042,4.967375,40.542417,41.678459,True,
pipeline-20260825T171817Z-721b4c23,pipeline-20260825T171817Z-721b4c23-r3-rate20p0-10b7b4,3,20.0,31337:0x000000000000000000000000000000000000000000000000000000000000001f:0,31,1.019667,1.340042,5.007541,40.397875,41.737917,True,
pipeline-20260825T171817Z-721b4c23,pipeline-20260825T171817Z-721b4c23-r3-rate20p0-10b7b4,3,20.0,31337:0x0000000000000000000000000000000000000000000000000000000000000020:0,32,0.9485,1.136541,5.601,38.464375,39.600916,True,
pipeline-20260825T171817Z-721b4c23,pipeline-20260825T171817Z-721b4c23-r3-rate20p0-10b7b4,3,20.0,31337:0x0000000000000000000000000000000000000000000000000000000000000021:0,33,0.895792,1.077209,6.238667,42.25425,43.331459,True,
pipeline-20260825T171817Z-721b4c23,pipeline-20260825T171817Z-721b4c23-r3-rate20p0-10b7b4,3,20.0,31337:0x0000000000000000000000000000000000000000000000000000000000000022:0,34,0.905917,1.124958,6.575,43.244959,44.369917,True,
pipeline-20260825T171817Z-721b4c23,pipeline-20260825T171817Z-721b4c23-r3-rate20p0-10b7b4,3,20.0,31337:0x0000000000000000000000000000000000000000000000000000000000000023:0,35,0.999542,1.218042,5.096666,38.787291,40.005333,True,
